id,timestamp,value,property,plug_id,household_id,house_id
1,1379879534,639.298847,1,4,2,3
2,1379879535,448.323051,1,1,2,1
3,1379879536,218.371048,1,4,2,2
4,1379879537,176.238901,1,3,2,2
5,1379879538,825.805174,1,4,1,1
6,1379879539,144.465022,1,1,2,3
7,1379879540,28.732044,1,2,2,4
8,1379879541,0.000000,0,4,1,4
9,1379879542,630.247311,1,2,1,4
10,1379879543,698.439527,1,1,1,2
11,1379879544,112.496489,1,3,1,2
12,1379879545,560.683410,1,1,2,1
13,1379879546,37.276218,1,1,1,1
14,1379879547,417.624115,1,2,1,3
15,1379879548,0.000010,0,1,1,1
16,1379879549,0.000000,0,1,1,3
17,1379879550,730.850968,1,4,1,2
18,1379879551,0.000000,0,4,1,3
19,1379879552,0.000000,1,1,2,2
20,1379879553,28.620338,1,1,1,1
21,1379879554,0.000000,0,4,2,1
22,1379879555,646.762035,1,4,1,3
23,1379879556,0.000000,0,4,2,4
24,1379879557,673.345971,1,1,1,2
25,1379879558,0.000000,1,3,1,2
26,1379879559,47.815674,1,1,2,2
27,1379879560,726.528839,1,4,2,3
28,1379879561,687.374875,1,2,2,3
29,1379879562,193.932239,1,3,2,2
30,1379879563,0.000000,0,3,1,1
31,1379879564,701.609745,1,1,2,1
32,1379879565,227.829258,1,4,2,4
33,1379879566,97.942622,1,3,2,4
34,1379879567,20.709320,1,3,1,4
35,1379879568,0.000008,0,2,2,4
36,1379879569,41.609752,1,4,1,1
37,1379879570,41.014408,1,3,2,1
38,1379879571,16.721379,1,1,2,2
39,1379879572,115.114908,1,4,1,4
40,1379879573,23.765481,1,3,2,1
41,1379879574,0.000018,0,1,1,1
42,1379879575,110.577302,1,4,2,2
43,1379879576,875.484743,1,4,1,1
44,1379879577,0.808132,1,2,2,4
45,1379879578,110.563602,1,4,2,4
46,1379879579,34.934536,1,4,1,1
47,1379879580,125.105891,1,3,2,4
48,1379879581,125.844763,1,3,1,2
49,1379879582,631.529072,1,1,2,1
50,1379879583,1145.850170,1,4,2,1
51,1379879584,67.697025,1,3,1,1
52,1379879585,0.000040,0,1,2,3
53,1379879586,415.330671,1,2,2,2
54,1379879587,727.440545,1,4,1,3
55,1379879588,612.238047,1,1,2,1
56,1379879589,404.073109,1,2,2,2
57,1379879590,0.000000,0,3,2,3
58,1379879591,160.486489,1,4,2,2
59,1379879592,14.773294,1,1,1,1
60,1379879593,0.000018,0,3,2,1
61,1379879594,678.892542,1,1,1,2
62,1379879595,127.743301,1,3,1,3
63,1379879596,351.594754,1,2,2,2
64,1379879597,34.612379,1,4,1,1
65,1379879598,448.527092,1,2,1,3
66,1379879599,417.397539,1,3,1,2
67,1379879600,219.796945,1,4,1,4
68,1379879601,597.008260,1,2,1,2
69,1379879602,434.532545,1,2,1,2
70,1379879603,0.000019,0,3,1,1
71,1379879604,577.308872,1,2,2,2
72,1379879605,402.625204,1,3,2,3
73,1379879606,0.000287,0,2,1,2
74,1379879607,0.000136,0,4,2,2
75,1379879608,0.000203,0,4,1,2
76,1379879609,210.904966,1,2,1,1
77,1379879610,0.000006,0,3,1,4
78,1379879611,232.038067,1,4,2,2
79,1379879612,383.856585,1,3,2,4
80,1379879613,113.476166,1,2,2,4
81,1379879614,14.452832,1,1,2,2
82,1379879615,0.000821,0,1,2,1
83,1379879616,407.616837,1,2,1,3
84,1379879617,0.000191,0,2,2,3
85,1379879618,0.000318,0,4,2,1
86,1379879619,8.889933,1,1,1,3
87,1379879620,20.091081,1,1,1,3
88,1379879621,220.412188,1,4,1,4
89,1379879622,0.000000,0,1,1,4
90,1379879623,126.173193,1,1,2,2
91,1379879624,35.968899,1,1,2,2
92,1379879625,702.817250,1,2,2,3
93,1379879626,816.260412,1,4,1,3
94,1379879627,135.234898,1,3,1,3
95,1379879628,604.382886,1,4,1,2
96,1379879629,39.565306,1,1,1,1
97,1379879630,0.000000,1,1,2,3
98,1379879631,562.224090,1,2,2,2
99,1379879632,28.887166,1,2,2,1
100,1379879633,1382.504647,1,2,2,3
101,1379879634,660.438230,1,4,1,3
102,1379879635,127.628257,1,2,1,1
103,1379879636,0.000000,1,2,2,4
104,1379879637,16.742188,1,1,2,2
105,1379879638,0.000033,0,1,1,1
106,1379879639,48.326017,1,3,2,1
107,1379879640,137.347716,1,2,2,4
108,1379879641,0.000000,1,2,2,4
109,1379879642,0.000040,0,1,2,3
110,1379879643,0.000000,1,1,2,4
111,1379879644,0.000000,0,1,2,4
112,1379879645,170.950014,1,3,2,4
113,1379879646,411.594971,1,2,1,3
114,1379879647,588.354569,1,1,2,1
115,1379879648,687.019788,1,2,2,3
116,1379879649,768.651844,1,2,1,2
117,1379879650,61.230368,1,3,1,4
118,1379879651,0.000000,0,1,1,4
119,1379879652,0.000094,0,2,1,1
120,1379879653,744.918581,1,1,1,4
121,1379879654,769.807088,1,4,1,3
122,1379879655,167.975715,1,3,2,2
123,1379879656,162.465827,1,4,2,4
124,1379879657,0.000182,0,3,1,2
125,1379879658,0.000570,0,1,1,2
126,1379879659,0.000094,0,2,1,1
127,1379879660,143.253568,1,2,1,1
128,1379879661,0.000000,1,2,2,4
129,1379879662,694.606360,1,2,2,3
130,1379879663,53.539712,1,3,1,4
131,1379879664,422.269159,1,3,2,3
132,1379879665,92.539359,1,3,1,1
133,1379879666,710.839308,1,2,1,2
134,1379879667,82.007571,1,4,2,1
135,1379879668,0.000000,1,3,1,2
136,1379879669,82.620200,1,4,2,1
137,1379879670,789.737161,1,4,1,3
138,1379879671,802.439651,1,1,1,4
139,1379879672,153.354845,1,4,2,2
140,1379879673,107.891301,1,4,2,1
141,1379879674,708.332224,1,4,2,3
142,1379879675,0.000033,0,1,1,1
143,1379879676,130.516566,1,4,2,4
144,1379879677,453.817393,1,2,1,2
145,1379879678,422.586686,1,2,1,3
146,1379879679,403.426746,1,2,1,3
147,1379879680,35.058307,1,2,2,1
148,1379879681,563.096069,1,1,1,4
149,1379879682,78.205670,1,1,2,3
150,1379879683,1307.036677,1,2,1,3
151,1379879684,0.000000,1,1,2,2
152,1379879685,199.331136,1,3,2,4
153,1379879686,167.766858,1,2,1,1
154,1379879687,608.133472,1,4,2,3
155,1379879688,0.000154,0,4,1,4
156,1379879689,676.217476,1,2,2,3
157,1379879690,62.145200,1,1,2,2
158,1379879691,660.092909,1,4,1,2
159,1379879692,0.000073,0,3,1,3
160,1379879693,87.646097,1,1,2,2
161,1379879694,642.943906,1,4,1,3
162,1379879695,420.699257,1,3,1,3
163,1379879696,921.767466,1,4,2,4
164,1379879697,36.825713,1,4,1,1
165,1379879698,0.000394,0,4,2,1
166,1379879699,671.078991,1,2,1,4
167,1379879700,632.430484,1,4,1,3
168,1379879701,37.775587,1,3,1,4
169,1379879702,0.000000,0,1,2,4
170,1379879703,0.001579,0,4,1,3
171,1379879704,198.166619,1,4,1,4
172,1379879705,0.000031,0,3,2,1
173,1379879706,478.169762,1,2,2,2
174,1379879707,737.860648,1,1,2,1
175,1379879708,113.391792,1,3,2,4
176,1379879709,0.000000,1,2,2,4
177,1379879710,16.497357,1,1,1,3
178,1379879711,0.000000,1,4,1,4
179,1379879712,0.000824,0,2,1,2
180,1379879713,585.794742,1,2,1,2
181,1379879714,319.937775,1,3,1,3
182,1379879715,574.980528,1,4,1,3
183,1379879716,34.948072,1,2,2,1
184,1379879717,642.593584,1,1,2,3
185,1379879718,0.000180,0,2,1,1
186,1379879719,393.532152,1,2,1,3
187,1379879720,729.221510,1,4,1,2
188,1379879721,61.336528,1,4,1,4
189,1379879722,31.955430,1,2,2,1
190,1379879723,157.839218,1,3,1,2
191,1379879724,181.622426,1,3,1,3
192,1379879725,30.907175,1,2,2,1
193,1379879726,0.000361,0,2,1,4
194,1379879727,26.732454,1,1,1,1
195,1379879728,710.078569,1,4,2,3
196,1379879729,0.000000,1,1,2,4
197,1379879730,0.000000,0,1,2,4
198,1379879731,152.097592,1,4,2,4
199,1379879732,181.815218,1,4,2,2
200,1379879733,1280.030450,1,3,2,2
201,1379879734,98.695535,1,4,2,1
202,1379879735,88.052233,1,3,1,3
203,1379879736,0.000303,0,3,2,4
204,1379879737,134.378206,1,4,2,2
205,1379879738,0.000570,0,1,1,2
206,1379879739,438.892457,1,2,1,3
207,1379879740,0.001342,0,2,2,3
208,1379879741,0.001292,0,2,1,3
209,1379879742,64.131379,1,3,1,3
210,1379879743,566.885873,1,2,1,2
211,1379879744,667.298508,1,2,2,3
212,1379879745,0.000113,0,1,2,2
213,1379879746,111.961917,1,4,2,2
214,1379879747,27.393739,1,3,1,4
215,1379879748,0.000586,0,1,1,4
216,1379879749,1275.267989,1,2,1,2
217,1379879750,0.001527,0,2,2,3
218,1379879751,57.215195,1,1,2,4
219,1379879752,688.595666,1,2,1,2
220,1379879753,17.748136,1,1,1,3
221,1379879754,0.000586,0,1,1,4
222,1379879755,0.000474,0,4,2,4
223,1379879756,26.816065,1,3,1,1
224,1379879757,0.000372,0,3,1,3
225,1379879758,14.684909,1,2,2,1
226,1379879759,0.000000,1,1,2,4
227,1379879760,169.565602,1,2,1,1
228,1379879761,829.362455,1,2,1,2
229,1379879762,766.151138,1,4,1,2
230,1379879763,0.000000,1,4,2,2
231,1379879764,179.816066,1,3,2,2
232,1379879765,0.000078,0,2,2,4
233,1379879766,111.974581,1,3,1,2
234,1379879767,679.892688,1,4,1,3
235,1379879768,0.000113,0,1,2,2
236,1379879769,489.118359,1,3,2,4
237,1379879770,408.383925,1,3,2,3
238,1379879771,786.046646,1,2,1,4
239,1379879772,0.000514,0,4,1,1
240,1379879773,0.000474,0,4,2,4
241,1379879774,200.283824,1,3,1,3
242,1379879775,8.359351,1,1,2,2
243,1379879776,659.153643,1,1,1,2
244,1379879777,7.652458,1,1,2,4
245,1379879778,679.606510,1,1,1,2
246,1379879779,655.142026,1,1,1,2
247,1379879780,713.597913,1,4,2,3
248,1379879781,0.000439,0,3,2,4
249,1379879782,119.313201,1,3,1,3
250,1379879783,973.115981,1,4,2,1
251,1379879784,0.000555,0,3,2,2
252,1379879785,0.000580,0,2,1,4
253,1379879786,748.697157,1,4,2,3
254,1379879787,24.555687,1,1,1,3
255,1379879788,0.000586,0,1,1,4
256,1379879789,561.051929,1,4,2,3
257,1379879790,154.157249,1,2,1,1
258,1379879791,873.741025,1,1,2,1
259,1379879792,703.786586,1,4,1,3
260,1379879793,183.096394,1,4,2,4
261,1379879794,738.671235,1,1,1,2
262,1379879795,27.756449,1,3,1,4
263,1379879796,8.480772,1,3,1,4
264,1379879797,396.426311,1,2,1,3
265,1379879798,0.000000,1,1,2,4
266,1379879799,872.393396,1,4,2,3
267,1379879800,455.868196,1,3,2,3
268,1379879801,0.000000,1,2,2,4
269,1379879802,250.171072,1,2,1,1
270,1379879803,408.891837,1,2,2,2
271,1379879804,436.558447,1,2,2,2
272,1379879805,60.736500,1,1,1,1
273,1379879806,741.868786,1,1,1,2
274,1379879807,731.134104,1,1,1,2
275,1379879808,925.202324,1,4,2,2
276,1379879809,101.209507,1,4,2,1
277,1379879810,463.015373,1,4,2,3
278,1379879811,87.673551,1,3,1,1
279,1379879812,775.356767,1,4,1,3
280,1379879813,697.034515,1,2,1,4
281,1379879814,23.539186,1,1,2,4
282,1379879815,416.521311,1,2,1,3
283,1379879816,0.000000,1,1,2,3
284,1379879817,192.594697,1,4,1,4
285,1379879818,275.432118,1,2,2,2
286,1379879819,718.648128,1,2,1,4
287,1379879820,221.352933,1,4,1,4
288,1379879821,109.912008,1,3,2,4
289,1379879822,29.483070,1,2,2,1
290,1379879823,40.682529,1,4,1,1
291,1379879824,705.022841,1,2,2,3
292,1379879825,0.000341,0,4,1,4
293,1379879826,0.000525,0,4,1,1
294,1379879827,527.212255,1,4,1,3
295,1379879828,467.948105,1,2,2,2
296,1379879829,611.571177,1,4,2,3
297,1379879830,0.000555,0,3,2,2
298,1379879831,176.628020,1,2,1,1
299,1379879832,416.590847,1,2,1,3
300,1379879833,1491.445240,1,2,2,3
301,1379879834,700.208996,1,2,1,4
302,1379879835,148.667961,1,2,1,1
303,1379879836,213.461038,1,3,1,2
304,1379879837,0.000057,0,2,2,1
305,1379879838,621.372941,1,2,1,2
306,1379879839,26.301356,1,4,1,4
307,1379879840,415.905677,1,2,1,3
308,1379879841,196.028163,1,4,2,4
309,1379879842,213.840497,1,3,2,2
310,1379879843,423.680432,1,2,2,2
311,1379879844,1205.779164,1,3,1,3
312,1379879845,214.938067,1,3,2,2
313,1379879846,422.815368,1,3,2,3
314,1379879847,0.001432,0,1,2,1
315,1379879848,94.598634,1,4,1,4
316,1379879849,44.005255,1,3,1,4
317,1379879850,0.000078,0,2,2,4
318,1379879851,668.349444,1,4,2,3
319,1379879852,250.210584,1,4,2,2
320,1379879853,694.385205,1,2,2,3
321,1379879854,332.803034,1,1,2,1
322,1379879855,417.961988,1,3,2,3
323,1379879856,750.684039,1,2,1,2
324,1379879857,885.489286,1,1,2,1
325,1379879858,126.905966,1,4,2,4
326,1379879859,0.000240,0,1,2,3
327,1379879860,0.000000,1,1,2,3
328,1379879861,3.722239,1,1,2,4
329,1379879862,599.027610,1,1,2,1
330,1379879863,9.625331,1,4,1,1
331,1379879864,2.428349,1,2,2,1
332,1379879865,31.778879,1,2,2,4
333,1379879866,23.450421,1,1,2,2
334,1379879867,0.002301,0,2,1,2
335,1379879868,0.000000,1,1,2,4
336,1379879869,798.610875,1,4,1,2
337,1379879870,0.000000,1,1,2,4
338,1379879871,831.882911,1,1,1,4
339,1379879872,41.118805,1,4,1,1
340,1379879873,696.137413,1,1,1,4
341,1379879874,773.604935,1,2,1,2
342,1379879875,708.809815,1,2,1,4
343,1379879876,42.110552,1,2,2,1
344,1379879877,8.459918,1,2,2,1
345,1379879878,758.460378,1,4,2,3
346,1379879879,168.952213,1,4,2,4
347,1379879880,901.048185,1,2,1,2
348,1379879881,130.758589,1,3,1,1
349,1379879882,705.872312,1,1,1,2
350,1379879883,1287.527201,1,3,1,2
351,1379879884,93.393253,1,3,1,1
352,1379879885,277.245511,1,3,1,3
353,1379879886,196.205912,1,3,2,2
354,1379879887,0.000000,1,1,2,2
355,1379879888,0.000000,1,1,2,4
356,1379879889,0.000674,0,3,1,2
357,1379879890,0.001934,0,1,1,2
358,1379879891,47.414468,1,4,1,1
359,1379879892,46.863040,1,3,2,1
360,1379879893,137.260402,1,3,1,2
361,1379879894,0.002766,0,2,1,2
362,1379879895,0.000072,0,2,2,1
363,1379879896,0.000729,0,3,2,2
364,1379879897,0.000703,0,3,2,3
365,1379879898,39.320026,1,3,1,4
366,1379879899,969.295187,1,4,2,3
367,1379879900,0.000044,0,3,2,1
368,1379879901,673.517669,1,2,2,3
369,1379879902,753.259565,1,1,1,2
370,1379879903,0.000058,0,1,1,1
371,1379879904,118.530937,1,2,1,1
372,1379879905,46.207888,1,4,1,4
373,1379879906,599.253336,1,4,1,3
374,1379879907,508.786969,1,1,2,1
375,1379879908,173.482504,1,2,1,1
376,1379879909,22.795324,1,1,1,1
377,1379879910,20.967764,1,3,1,4
378,1379879911,174.438064,1,2,1,1
379,1379879912,0.001011,0,1,1,4
380,1379879913,45.153939,1,1,1,3
381,1379879914,47.238012,1,3,2,1
382,1379879915,668.633610,1,2,2,3
383,1379879916,0.000087,0,2,2,4
384,1379879917,374.956905,1,3,2,4
385,1379879918,784.477571,1,1,2,1
386,1379879919,0.000122,0,1,2,2
387,1379879920,0.000240,0,1,2,3
388,1379879921,0.001364,0,2,1,4
389,1379879922,204.724725,1,3,2,4
390,1379879923,90.799354,1,1,2,2
391,1379879924,426.481078,1,2,1,3
392,1379879925,598.320616,1,2,1,4
393,1379879926,250.523367,1,4,2,4
394,1379879927,0.001867,0,2,1,3
395,1379879928,139.621064,1,4,1,4
396,1379879929,0.000000,1,1,2,3
397,1379879930,56.874376,1,3,1,3
398,1379879931,430.275320,1,3,2,3
399,1379879932,403.001443,1,3,2,3
400,1379879933,698.359739,1,4,1,1
401,1379879934,637.583568,1,2,1,4
402,1379879935,0.002766,0,2,1,2
403,1379879936,0.000000,1,1,2,4
404,1379879937,730.875039,1,4,2,3
405,1379879938,0.000026,0,1,2,4
406,1379879939,690.497491,1,4,2,3
407,1379879940,662.114380,1,1,1,2
408,1379879941,80.821836,1,4,2,1
409,1379879942,0.001011,0,1,1,4
410,1379879943,42.561062,1,4,2,1
411,1379879944,279.909786,1,3,1,3
412,1379879945,0.000000,1,1,2,2
413,1379879946,0.000026,0,1,2,4
414,1379879947,136.611844,1,1,2,3
415,1379879948,0.000966,0,3,1,3
416,1379879949,0.000000,1,3,1,2
417,1379879950,125.900222,1,3,2,2
418,1379879951,646.544367,1,1,1,2
419,1379879952,0.000087,0,2,2,4
420,1379879953,719.980220,1,1,1,2
421,1379879954,588.258917,1,4,1,3
422,1379879955,0.000095,0,3,1,4
423,1379879956,701.994999,1,1,2,1
424,1379879957,496.370365,1,1,2,1
425,1379879958,832.990311,1,4,1,2
426,1379879959,0.000746,0,4,1,1
427,1379879960,784.892904,1,2,1,2
428,1379879961,0.000966,0,3,1,3
429,1379879962,30.725328,1,1,1,3
430,1379879963,402.663970,1,2,1,3
431,1379879964,50.518790,1,3,1,2
432,1379879965,0.000000,1,3,1,2
433,1379879966,0.000139,0,3,1,1
434,1379879967,132.807830,1,2,1,1
435,1379879968,16.461836,1,1,1,3
436,1379879969,0.000731,0,4,2,4
437,1379879970,244.292542,1,3,1,3
438,1379879971,0.000688,0,4,2,2
439,1379879972,720.034054,1,2,1,4
440,1379879973,243.301214,1,3,2,4
441,1379879974,648.509223,1,2,1,2
442,1379879975,600.959506,1,2,1,4
443,1379879976,31.691955,1,3,2,1
444,1379879977,65.012869,1,3,2,1
445,1379879978,42.180048,1,3,1,4
446,1379879979,155.180197,1,1,2,3
447,1379879980,416.559127,1,2,2,4
448,1379879981,0.000202,0,2,2,4
449,1379879982,451.477005,1,2,2,2
450,1379879983,1149.630541,1,3,1,3
451,1379879984,721.259556,1,3,2,4
452,1379879985,0.002707,0,1,1,2
453,1379879986,585.115372,1,4,2,3
454,1379879987,65.404148,1,1,2,2
455,1379879988,629.771657,1,1,1,4
456,1379879989,134.306689,1,4,2,1
457,1379879990,819.970526,1,4,2,3
458,1379879991,9.893013,1,1,2,2
459,1379879992,67.410032,1,3,1,1
460,1379879993,192.174566,1,2,2,4
461,1379879994,743.863093,1,1,1,2
462,1379879995,914.490733,1,4,1,3
463,1379879996,195.393227,1,4,2,4
464,1379879997,0.000791,0,4,2,1
465,1379879998,600.985856,1,4,1,3
466,1379879999,120.188013,1,2,1,1
467,1379880000,91.282504,1,3,2,2
468,1379880001,114.098848,1,3,1,2
469,1379880002,3.020694,1,4,2,2
470,1379880003,76.490413,1,4,2,1
471,1379880004,465.374124,1,2,2,2
472,1379880005,0.000898,0,3,2,4
473,1379880006,0.000000,1,4,1,1
474,1379880007,0.000000,1,3,2,4
475,1379880008,550.573508,1,4,1,2
476,1379880009,28.545450,1,1,1,3
477,1379880010,328.493624,1,4,2,2
478,1379880011,88.139337,1,3,1,3
479,1379880012,245.162910,1,4,2,4
480,1379880013,409.187807,1,2,1,3
481,1379880014,0.001186,0,1,1,4
482,1379880015,0.002075,0,2,1,4
483,1379880016,647.036937,1,2,1,2
484,1379880017,0.000000,1,1,2,4
485,1379880018,546.800148,1,2,2,2
486,1379880019,654.777474,1,1,1,2
487,1379880020,0.000000,1,4,2,2
488,1379880021,30.856097,1,4,1,1
489,1379880022,382.188933,1,3,2,4
490,1379880023,96.584787,1,3,1,2
491,1379880024,317.228401,1,3,2,4
492,1379880025,0.000755,0,4,1,1
493,1379880026,32.031984,1,2,2,1
494,1379880027,0.000157,0,3,1,1
495,1379880028,702.407748,1,4,1,2
496,1379880029,675.610078,1,2,1,4
497,1379880030,0.001377,0,3,1,3
498,1379880031,47.204207,1,1,1,1
499,1379880032,0.000256,0,2,2,4
500,1379880033,1214.464975,1,4,2,4
501,1379880034,0.003095,0,1,1,2
502,1379880035,0.000000,1,2,2,4
503,1379880036,857.954635,1,1,1,3
504,1379880037,259.970158,1,3,1,3
505,1379880038,0.002262,0,2,1,4
506,1379880039,316.180855,1,1,2,3
507,1379880040,0.001771,0,4,1,2
508,1379880041,172.059731,1,3,2,4
509,1379880042,0.002093,0,2,1,3
510,1379880043,745.808361,1,4,1,3
511,1379880044,41.958514,1,1,1,3
512,1379880045,697.178521,1,4,1,3
513,1379880046,760.226900,1,4,1,3
514,1379880047,166.047099,1,3,2,2
515,1379880048,505.493886,1,2,1,2
516,1379880049,357.548069,1,3,2,4
517,1379880050,289.472858,1,2,2,2
518,1379880051,0.000000,1,1,2,4
519,1379880052,70.450878,1,4,2,1
520,1379880053,672.808038,1,2,1,2
521,1379880054,19.862682,1,1,2,4
522,1379880055,0.000031,0,1,2,4
523,1379880056,0.135973,1,2,2,4
524,1379880057,33.875165,1,4,1,1
525,1379880058,0.000308,0,1,1,3
526,1379880059,437.635985,1,2,2,2
527,1379880060,449.542654,1,3,2,3
528,1379880061,305.351343,1,3,2,4
529,1379880062,654.579071,1,1,1,2
530,1379880063,605.413234,1,1,1,4
531,1379880064,621.030078,1,1,1,4
532,1379880065,404.120514,1,3,2,3
533,1379880066,680.569755,1,2,1,4
534,1379880067,0.000630,0,2,1,1
535,1379880068,48.150982,1,2,2,4
536,1379880069,0.001526,0,1,1,4
537,1379880070,159.219533,1,4,2,2
538,1379880071,118.344415,1,4,2,1
539,1379880072,143.858779,1,2,1,1
540,1379880073,25.920269,1,4,1,1
541,1379880074,43.935235,1,1,2,4
542,1379880075,156.826060,1,3,1,3
543,1379880076,84.011122,1,1,2,3
544,1379880077,0.003671,0,2,1,2
545,1379880078,153.259430,1,3,2,2
546,1379880079,439.066918,1,4,1,2
547,1379880080,686.631045,1,1,1,4
548,1379880081,42.522780,1,3,1,4
549,1379880082,0.000825,0,4,2,2
550,1379880083,1818.214860,1,4,1,3
551,1379880084,0.003671,0,2,1,2
552,1379880085,27.466604,1,4,1,1
553,1379880086,72.989375,1,4,2,2
554,1379880087,0.000081,0,2,2,1
555,1379880088,705.996600,1,4,2,3
556,1379880089,0.000157,0,3,1,1
557,1379880090,0.000168,0,1,2,2
558,1379880091,486.244899,1,2,2,2
559,1379880092,682.314563,1,2,2,3
560,1379880093,99.459409,1,4,2,1
561,1379880094,36.983414,1,4,2,2
562,1379880095,106.573247,1,1,2,3
563,1379880096,432.449598,1,3,2,3
564,1379880097,59.640153,1,3,2,4
565,1379880098,361.197146,1,2,2,2
566,1379880099,636.679744,1,2,1,2
567,1379880100,37.439538,1,3,1,4
568,1379880101,205.974733,1,4,2,2
569,1379880102,701.016982,1,2,2,3
570,1379880103,168.028895,1,4,2,4
571,1379880104,386.631687,1,3,2,3
572,1379880105,37.454002,1,4,1,1
573,1379880106,0.002629,0,1,2,1
574,1379880107,40.977897,1,4,1,1
575,1379880108,582.987639,1,2,1,2
576,1379880109,861.879063,1,4,2,3
577,1379880110,144.356454,1,4,2,4
578,1379880111,28.603268,1,3,1,4
579,1379880112,288.846950,1,2,1,1
580,1379880113,0.000427,0,4,1,4
581,1379880114,714.864873,1,4,1,2
582,1379880115,0.000308,0,1,1,3
583,1379880116,427.882485,1,2,1,3
584,1379880117,669.004387,1,2,1,4
585,1379880118,23.021462,1,2,2,1
586,1379880119,77.144291,1,3,1,1
587,1379880120,33.342620,1,1,1,1
588,1379880121,330.489835,1,4,1,4
589,1379880122,74.671071,1,3,1,1
590,1379880123,128.026200,1,3,2,4
591,1379880124,60.267164,1,3,1,1
592,1379880125,0.000750,0,2,1,1
593,1379880126,628.609906,1,2,1,2
594,1379880127,128.184348,1,3,1,2
595,1379880128,569.941212,1,1,1,4
596,1379880129,51.409505,1,2,2,1
597,1379880130,53.160902,1,4,1,1
598,1379880131,0.002637,0,2,1,4
599,1379880132,135.269627,1,1,2,3
600,1379880133,847.035579,1,1,2,4
601,1379880134,258.593013,1,4,1,4
602,1379880135,722.294025,1,1,1,4
603,1379880136,12.368062,1,2,2,1
604,1379880137,692.805564,1,2,1,2
605,1379880138,685.700606,1,4,1,3
606,1379880139,0.000000,1,3,2,1
607,1379880140,41.028117,1,3,1,4
608,1379880141,36.548916,1,2,2,1
609,1379880142,33.214311,1,3,1,4
610,1379880143,53.973851,1,4,2,2
611,1379880144,713.520324,1,4,1,3
612,1379880145,26.297609,1,3,1,2
613,1379880146,0.000308,0,1,1,3
614,1379880147,181.583053,1,4,2,4
615,1379880148,884.348141,1,3,2,1
616,1379880149,667.698966,1,2,2,3
617,1379880150,664.606097,1,1,1,2
618,1379880151,0.002091,0,4,1,2
619,1379880152,0.000000,1,1,2,3
620,1379880153,0.001328,0,4,2,4
621,1379880154,109.166662,1,4,2,2
622,1379880155,0.000000,1,1,2,2
623,1379880156,0.000750,0,2,1,1
624,1379880157,0.000269,0,2,2,4
625,1379880158,361.512002,1,2,2,2
626,1379880159,9.037390,1,3,1,4
627,1379880160,645.593177,1,4,1,3
628,1379880161,404.429540,1,1,2,1
629,1379880162,708.433589,1,2,1,4
630,1379880163,59.581319,1,3,1,1
631,1379880164,30.379188,1,2,2,1
632,1379880165,69.255524,1,3,1,1
633,1379880166,0.002834,0,2,1,4
634,1379880167,0.003273,0,2,2,3
635,1379880168,116.109322,1,4,1,4
636,1379880169,245.279828,1,3,2,2
637,1379880170,1023.960087,1,2,1,2
638,1379880171,0.000893,0,4,2,1
639,1379880172,885.904792,1,2,1,2
640,1379880173,537.754686,1,2,2,2
641,1379880174,71.842419,1,1,2,4
642,1379880175,110.806074,1,4,2,1
643,1379880176,192.434453,1,4,2,2
644,1379880177,681.738949,1,2,2,3
645,1379880178,771.122831,1,4,1,2
646,1379880179,697.410005,1,2,1,4
647,1379880180,794.003027,1,1,1,4
648,1379880181,426.419007,1,2,1,3
649,1379880182,695.971116,1,4,1,2
650,1379880183,870.003506,1,4,2,1
651,1379880184,0.000000,1,1,2,3
652,1379880185,69.643900,1,4,2,1
653,1379880186,0.004921,0,4,1,3
654,1379880187,16.509455,1,2,2,1
655,1379880188,52.549675,1,4,2,2
656,1379880189,18.183147,1,3,1,4
657,1379880190,44.910428,1,4,1,4
658,1379880191,558.525182,1,4,1,2
659,1379880192,621.386970,1,1,1,2
660,1379880193,14.512322,1,1,1,1
661,1379880194,0.002297,0,1,1,4
662,1379880195,169.261768,1,4,2,4
663,1379880196,914.561426,1,3,1,2
664,1379880197,142.277758,1,3,1,3
665,1379880198,247.638106,1,4,2,4
666,1379880199,108.716091,1,4,2,1
667,1379880200,87.141200,1,3,1,1
668,1379880201,0.002427,0,2,2,2
669,1379880202,36.264629,1,3,2,1
670,1379880203,171.533732,1,3,1,1
671,1379880204,36.768921,1,2,2,1
672,1379880205,0.001399,0,3,2,3
673,1379880206,24.668054,1,4,1,4
674,1379880207,0.002427,0,2,2,2
675,1379880208,27.526597,1,4,1,1
676,1379880209,148.755218,1,3,1,3
677,1379880210,23.117788,1,3,2,1
678,1379880211,0.002330,0,2,1,3
679,1379880212,687.374566,1,1,1,2
680,1379880213,697.307787,1,2,1,2
681,1379880214,120.083119,1,4,2,4
682,1379880215,42.100739,1,3,1,4
683,1379880216,614.205386,1,2,1,4
684,1379880217,522.099537,1,4,2,3
685,1379880218,20.108280,1,2,2,1
686,1379880219,0.001399,0,3,2,3
687,1379880220,687.509930,1,2,1,4
688,1379880221,249.140120,1,3,1,3
689,1379880222,180.943626,1,4,2,4
690,1379880223,0.000000,1,2,2,4
691,1379880224,1243.245234,1,3,1,2
692,1379880225,0.003825,0,1,1,2
693,1379880226,811.352671,1,4,1,3
694,1379880227,439.262316,1,2,1,3
695,1379880228,207.059067,1,3,1,2
696,1379880229,202.905711,1,3,2,2
697,1379880230,742.421520,1,1,2,1
698,1379880231,83.761537,1,1,2,4
699,1379880232,0.000000,1,4,1,4
700,1379880233,1000.139340,1,3,2,2
701,1379880234,0.000000,1,1,2,3
702,1379880235,869.794442,1,1,1,4
703,1379880236,1053.849597,1,2,1,2
704,1379880237,26.444434,1,3,1,2
705,1379880238,28.806468,1,3,1,4
706,1379880239,421.845633,1,2,2,2
707,1379880240,559.901472,1,1,1,4
708,1379880241,680.624467,1,1,1,2
709,1379880242,301.993640,1,3,1,3
710,1379880243,713.745754,1,4,1,3
711,1379880244,48.859808,1,4,1,1
712,1379880245,0.000000,1,4,2,2
713,1379880246,0.000090,0,1,1,1
714,1379880247,35.563437,1,1,2,3
715,1379880248,37.977986,1,3,1,4
716,1379880249,283.580660,1,1,2,1
717,1379880250,49.332602,1,1,1,3
718,1379880251,151.267653,1,3,1,3
719,1379880252,23.172071,1,3,1,4
720,1379880253,526.440670,1,2,1,2
721,1379880254,0.002545,0,2,2,2
722,1379880255,478.291217,1,2,1,2
723,1379880256,453.241315,1,1,2,1
724,1379880257,0.000000,1,4,2,2
725,1379880258,41.596508,1,4,1,1
726,1379880259,663.846107,1,4,1,2
727,1379880260,411.440306,1,3,2,3
728,1379880261,37.306192,1,1,1,3
729,1379880262,1091.556352,1,4,2,1
730,1379880263,440.822840,1,2,1,3
731,1379880264,171.223388,1,4,2,4
732,1379880265,0.001575,0,4,2,4
733,1379880266,256.810926,1,3,1,2
734,1379880267,101.804071,1,4,2,1
735,1379880268,0.000324,0,3,1,1
736,1379880269,28.655559,1,1,1,1
737,1379880270,105.301744,1,3,1,1
738,1379880271,46.373659,1,3,1,4
739,1379880272,609.128795,1,1,2,1
740,1379880273,71.980504,1,4,1,1
741,1379880274,0.003321,0,1,2,1
742,1379880275,153.970034,1,3,1,3
743,1379880276,763.546365,1,2,2,1
744,1379880277,60.103082,1,4,2,2
745,1379880278,0.001575,0,4,2,4
746,1379880279,41.509492,1,1,2,2
747,1379880280,26.785702,1,3,1,4
748,1379880281,0.000098,0,1,1,1
749,1379880282,34.038020,1,1,1,1
750,1379880283,1231.477737,1,2,2,2
751,1379880284,139.141311,1,4,2,2
752,1379880285,418.573719,1,2,1,3
753,1379880286,41.238124,1,3,1,4
754,1379880287,32.317553,1,3,2,1
755,1379880288,585.262002,1,2,1,4
756,1379880289,182.270010,1,4,2,2
757,1379880290,666.783575,1,2,1,4
758,1379880291,0.003321,0,1,2,1
759,1379880292,708.999753,1,1,1,2
760,1379880293,648.218067,1,2,1,2
761,1379880294,0.001513,0,3,2,3
762,1379880295,462.010353,1,2,2,2
763,1379880296,82.172657,1,4,2,1
764,1379880297,148.886473,1,3,1,1
765,1379880298,561.579323,1,2,1,2
766,1379880299,765.052605,1,4,1,3
767,1379880300,0.000750,0,2,1,1
768,1379880301,50.356749,1,1,2,4
769,1379880302,690.397730,1,1,1,2
770,1379880303,140.796964,1,3,2,2
771,1379880304,50.220121,1,2,2,1
772,1379880305,821.708526,1,1,2,1
773,1379880306,655.100092,1,1,1,2
774,1379880307,712.355529,1,2,2,3
775,1379880308,0.000642,0,4,1,4
776,1379880309,708.417240,1,2,1,4
777,1379880310,118.055969,1,4,1,4
778,1379880311,799.671733,1,2,1,2
779,1379880312,166.139226,1,4,2,2
780,1379880313,23.493643,1,2,2,1
781,1379880314,35.686125,1,1,2,2
782,1379880315,0.000750,0,2,1,1
783,1379880316,468.049202,1,3,2,3
784,1379880317,0.001643,0,3,2,3
785,1379880318,0.000000,1,1,2,3
786,1379880319,429.574794,1,2,1,3
787,1379880320,426.798647,1,3,2,3
788,1379880321,83.270901,1,4,2,2
789,1379880322,0.000000,1,4,1,1
790,1379880323,562.648993,1,1,1,4
791,1379880324,728.146928,1,4,1,2
792,1379880325,121.951793,1,2,1,1
793,1379880326,1009.601060,1,2,1,2
794,1379880327,173.778600,1,4,2,4
795,1379880328,99.523693,1,3,1,1
796,1379880329,52.989380,1,1,1,1
797,1379880330,706.048973,1,1,1,2
798,1379880331,6.424682,1,4,1,1
799,1379880332,940.652096,1,2,1,2
800,1379880333,1471.323037,1,4,2,3
801,1379880334,631.911441,1,2,1,4
802,1379880335,310.500135,1,4,1,4
803,1379880336,0.000000,1,1,2,3
804,1379880337,387.659508,1,3,2,3
805,1379880338,664.456849,1,4,1,2
806,1379880339,0.000123,0,1,1,1
807,1379880340,0.004109,0,2,1,4
808,1379880341,114.049757,1,3,1,1
809,1379880342,144.133940,1,3,2,2
810,1379880343,683.439495,1,1,2,1
811,1379880344,193.691163,1,3,1,2
812,1379880345,659.889482,1,2,2,3
813,1379880346,123.121571,1,4,2,2
814,1379880347,11.697072,1,4,1,1
815,1379880348,0.001617,0,3,1,2
816,1379880349,0.001623,0,4,2,4
817,1379880350,390.282466,1,3,2,3
818,1379880351,190.269672,1,3,2,2
819,1379880352,104.988183,1,3,1,1
820,1379880353,0.001617,0,3,1,2
821,1379880354,71.210077,1,3,1,2
822,1379880355,53.345967,1,2,2,1
823,1379880356,0.000761,0,4,1,4
824,1379880357,0.000000,1,3,1,2
825,1379880358,43.537561,1,4,1,1
826,1379880359,56.557189,1,1,1,3
827,1379880360,47.359697,1,3,2,1
828,1379880361,636.090852,1,4,2,3
829,1379880362,889.693170,1,3,2,4
830,1379880363,95.989592,1,4,2,1
831,1379880364,0.001623,0,4,2,4
832,1379880365,47.423612,1,1,1,3
833,1379880366,851.903544,1,4,2,3
834,1379880367,33.339670,1,1,2,4
835,1379880368,49.171461,1,3,2,1
836,1379880369,0.000233,0,3,1,4
837,1379880370,197.359529,1,3,2,2
838,1379880371,28.514797,1,3,2,4
839,1379880372,656.361627,1,4,1,3
840,1379880373,495.775186,1,2,1,2
841,1379880374,0.003225,0,4,1,2
842,1379880375,0.001637,0,3,1,2
843,1379880376,77.653267,1,1,2,2
844,1379880377,0.006911,0,2,1,2
845,1379880378,33.820007,1,1,1,3
846,1379880379,381.367899,1,1,2,1
847,1379880380,0.000269,0,2,2,4
848,1379880381,25.502097,1,1,1,1
849,1379880382,16.880160,1,3,1,4
850,1379880383,1079.730871,1,3,2,1
851,1379880384,94.846241,1,3,2,1
852,1379880385,13.961242,1,1,1,3
853,1379880386,315.573830,1,3,2,4
854,1379880387,723.050739,1,2,1,4
855,1379880388,668.279802,1,2,2,3
856,1379880389,691.038979,1,4,2,3
857,1379880390,766.007048,1,4,1,3
858,1379880391,132.735808,1,3,2,2
859,1379880392,27.759266,1,1,2,4
860,1379880393,14.736861,1,2,2,1
861,1379880394,53.686069,1,3,1,4
862,1379880395,0.000000,1,3,1,2
863,1379880396,687.039770,1,2,1,4
864,1379880397,0.000211,0,1,2,2
865,1379880398,0.000211,0,1,2,2
866,1379880399,75.000245,1,4,2,2
867,1379880400,727.569467,1,4,2,3
868,1379880401,74.072140,1,4,2,1
869,1379880402,216.525961,1,4,2,4
870,1379880403,405.501940,1,3,2,3
871,1379880404,31.758789,1,1,1,3
872,1379880405,0.001637,0,3,1,2
873,1379880406,0.003015,0,2,2,2
874,1379880407,218.588563,1,3,2,2
875,1379880408,57.229899,1,3,1,4
876,1379880409,0.001719,0,3,2,4
877,1379880410,1415.637932,1,4,1,2
878,1379880411,649.628710,1,4,1,3
879,1379880412,451.474748,1,3,2,3
880,1379880413,646.615910,1,4,1,3
881,1379880414,705.179640,1,4,2,3
882,1379880415,427.280009,1,3,1,3
883,1379880416,0.000510,0,1,2,3
884,1379880417,52.478184,1,1,1,3
885,1379880418,681.873872,1,4,1,3
886,1379880419,693.650884,1,2,1,4
887,1379880420,177.534281,1,2,1,1
888,1379880421,773.561685,1,1,1,4
889,1379880422,12.778386,1,1,2,2
890,1379880423,0.001719,0,3,2,4
891,1379880424,400.297225,1,3,2,3
892,1379880425,671.750736,1,4,1,2
893,1379880426,0.003805,0,4,1,2
894,1379880427,655.930141,1,2,2,3
895,1379880428,188.506881,1,3,2,2
896,1379880429,21.926217,1,1,1,3
897,1379880430,58.808296,1,4,2,1
898,1379880431,487.235788,1,1,2,1
899,1379880432,0.001633,0,4,2,1
900,1379880433,1412.805915,1,1,1,4
901,1379880434,848.089027,1,2,1,2
902,1379880435,0.000269,0,3,1,4
903,1379880436,62.833365,1,2,2,4
904,1379880437,685.577630,1,2,2,3
905,1379880438,35.640562,1,4,1,1
906,1379880439,0.000000,1,3,1,2
907,1379880440,20.656226,1,2,2,1
908,1379880441,992.427182,1,3,2,4
909,1379880442,0.005488,0,4,2,3
910,1379880443,49.453617,1,1,2,3
911,1379880444,90.919100,1,4,2,2
912,1379880445,633.817944,1,4,1,3
913,1379880446,77.213427,1,3,1,1
914,1379880447,713.353666,1,2,2,3
915,1379880448,279.352431,1,4,2,4
916,1379880449,707.428179,1,2,1,4
917,1379880450,177.386324,1,2,1,1
918,1379880451,588.881223,1,4,2,3
919,1379880452,50.149784,1,4,1,1
920,1379880453,961.487899,1,3,2,1
921,1379880454,42.327862,1,1,1,3
922,1379880455,28.781274,1,1,1,1
923,1379880456,652.945066,1,1,1,2
924,1379880457,69.445480,1,4,2,1
925,1379880458,0.000415,0,1,1,3
926,1379880459,35.778706,1,1,2,2
927,1379880460,187.761461,1,3,1,2
928,1379880461,1403.714528,1,2,2,3
929,1379880462,0.001652,0,4,2,1
930,1379880463,116.029203,1,4,2,4
931,1379880464,0.000976,0,3,2,1
932,1379880465,175.286647,1,3,2,2
933,1379880466,36.939074,1,1,1,3
934,1379880467,202.728507,1,3,1,3
935,1379880468,91.421366,1,4,1,4
936,1379880469,667.755733,1,1,1,2
937,1379880470,0.002327,0,3,2,3
938,1379880471,0.002810,0,2,1,3
939,1379880472,46.450768,1,2,2,1
940,1379880473,141.099378,1,2,2,4
941,1379880474,202.767404,1,3,2,4
942,1379880475,0.000909,0,4,1,1
943,1379880476,15.004552,1,3,1,2
944,1379880477,0.002051,0,3,2,4
945,1379880478,28.900058,1,1,2,4
946,1379880479,687.507152,1,1,1,2
947,1379880480,33.669928,1,3,1,4
948,1379880481,0.001665,0,3,2,2
949,1379880482,678.043558,1,2,2,3
950,1379880483,873.075894,1,3,2,1
951,1379880484,577.891247,1,1,1,4
952,1379880485,18.125666,1,4,1,1
953,1379880486,0.001793,0,4,2,4
954,1379880487,673.700903,1,1,2,1
955,1379880488,0.005178,0,2,2,3
956,1379880489,15.007399,1,4,1,1
957,1379880490,54.098982,1,2,2,1
958,1379880491,0.000000,1,1,2,4
959,1379880492,282.830648,1,2,1,1
960,1379880493,0.000138,0,1,1,1
961,1379880494,0.006678,0,4,1,3
962,1379880495,329.155312,1,2,2,2
963,1379880496,0.001665,0,3,2,2
964,1379880497,703.577390,1,2,2,3
965,1379880498,110.749389,1,3,2,4
966,1379880499,185.322203,1,3,2,2
967,1379880500,330.603586,1,3,1,3
968,1379880501,232.816515,1,4,2,4
969,1379880502,48.237099,1,3,1,4
970,1379880503,765.284929,1,2,1,4
971,1379880504,0.000000,1,1,2,2
972,1379880505,107.550788,1,4,2,1
973,1379880506,0.005339,0,1,1,2
974,1379880507,61.324022,1,1,1,1
975,1379880508,0.002082,0,3,2,4
976,1379880509,612.014392,1,4,1,2
977,1379880510,652.302609,1,1,1,2
978,1379880511,630.928186,1,1,1,4
979,1379880512,187.144283,1,4,2,2
980,1379880513,671.902029,1,1,1,2
981,1379880514,0.006678,0,4,1,3
982,1379880515,0.000000,1,1,2,3
983,1379880516,135.398350,1,3,1,3
984,1379880517,0.005707,0,1,1,2
985,1379880518,660.421494,1,4,1,2
986,1379880519,426.673367,1,3,2,3
987,1379880520,4.957845,1,3,1,4
988,1379880521,0.000786,0,4,1,4
989,1379880522,17.671751,1,3,2,1
990,1379880523,41.544407,1,4,1,1
991,1379880524,45.447555,1,1,1,3
992,1379880525,117.654491,1,3,1,3
993,1379880526,214.064855,1,3,2,2
994,1379880527,44.075839,1,4,2,2
995,1379880528,0.000930,0,4,1,1
996,1379880529,549.545791,1,1,1,4
997,1379880530,0.000523,0,1,2,3
998,1379880531,16.008675,1,4,1,1
999,1379880532,0.000361,0,1,2,4
1000,1379880533,1562.034918,1,4,2,3
1001,1379880534,28.149276,1,1,2,2
1002,1379880535,776.173264,1,1,2,1
1003,1379880536,82.576971,1,4,2,1
1004,1379880537,32.243012,1,1,1,3
1005,1379880538,453.733680,1,2,1,2
1006,1379880539,591.288066,1,4,1,3
1007,1379880540,382.850580,1,3,2,3
1008,1379880541,616.229803,1,1,2,1
1009,1379880542,688.198786,1,2,1,4
1010,1379880543,758.695875,1,4,2,3
1011,1379880544,0.002082,0,3,2,4
1012,1379880545,36.303560,1,1,1,1
1013,1379880546,0.001346,0,4,2,2
1014,1379880547,263.994025,1,1,2,3
1015,1379880548,83.237186,1,4,2,1
1016,1379880549,873.918810,1,4,2,3
1017,1379880550,196.978958,1,4,2,4
1018,1379880551,79.944088,1,3,2,1
1019,1379880552,27.866625,1,1,1,1
1020,1379880553,0.000786,0,4,1,4
1021,1379880554,374.700089,1,2,2,2
1022,1379880555,88.984119,1,4,1,4
1023,1379880556,625.525870,1,2,2,4
1024,1379880557,622.354829,1,4,1,2
1025,1379880558,30.107586,1,1,1,3
1026,1379880559,1577.062788,1,2,1,4
1027,1379880560,630.244490,1,1,2,1
1028,1379880561,619.688161,1,1,2,1
1029,1379880562,57.116030,1,2,2,1
1030,1379880563,570.344513,1,1,1,4
1031,1379880564,688.037078,1,1,1,2
1032,1379880565,0.002149,0,3,1,3
1033,1379880566,993.890808,1,2,1,2
1034,1379880567,0.006539,0,4,2,3
1035,1379880568,28.493127,1,1,1,1
1036,1379880569,75.140427,1,4,2,1
1037,1379880570,46.664209,1,2,2,1
1038,1379880571,424.949518,1,3,2,3
1039,1379880572,639.903537,1,4,1,2
1040,1379880573,22.800645,1,1,2,2
1041,1379880574,13.043612,1,2,2,4
1042,1379880575,335.728691,1,1,2,1
1043,1379880576,402.098803,1,3,2,3
1044,1379880577,51.037977,1,3,2,1
1045,1379880578,696.223342,1,2,2,3
1046,1379880579,611.504171,1,2,1,2
1047,1379880580,49.504612,1,1,1,1
1048,1379880581,55.412434,1,4,1,4
1049,1379880582,50.218913,1,3,2,4
1050,1379880583,1649.617887,1,4,1,3
1051,1379880584,0.000458,0,2,2,1
1052,1379880585,0.005898,0,1,1,2
1053,1379880586,71.395996,1,1,2,2
1054,1379880587,812.436494,1,1,2,1
1055,1379880588,634.179795,1,2,1,4
1056,1379880589,135.212922,1,3,1,1
1057,1379880590,678.554763,1,2,1,2
1058,1379880591,252.117492,1,3,1,3
1059,1379880592,42.686680,1,1,1,1
1060,1379880593,201.677850,1,3,1,2
1061,1379880594,854.090240,1,2,1,2
1062,1379880595,421.344856,1,3,2,3
1063,1379880596,211.137954,1,3,2,2
1064,1379880597,698.893963,1,4,2,3
1065,1379880598,4.068386,1,1,2,3
1066,1379880599,0.002810,0,2,1,3
1067,1379880600,24.547594,1,1,1,3
1068,1379880601,789.191101,1,1,2,1
1069,1379880602,211.144860,1,3,2,2
1070,1379880603,0.002096,0,3,2,4
1071,1379880604,22.200088,1,1,1,1
1072,1379880605,72.436407,1,3,1,2
1073,1379880606,179.593373,1,3,1,2
1074,1379880607,86.446439,1,4,2,1
1075,1379880608,248.718255,1,3,2,4
1076,1379880609,27.039308,1,3,1,4
1077,1379880610,0.000542,0,3,1,1
1078,1379880611,637.746388,1,2,1,2
1079,1379880612,805.847647,1,4,1,2
1080,1379880613,0.002219,0,3,1,3
1081,1379880614,395.372913,1,2,2,2
1082,1379880615,0.000000,1,3,2,4
1083,1379880616,585.194819,1,4,1,2
1084,1379880617,0.000000,1,3,1,2
1085,1379880618,195.407094,1,3,2,2
1086,1379880619,138.278429,1,2,1,1
1087,1379880620,675.427556,1,2,1,2
1088,1379880621,0.000542,0,3,1,1
1089,1379880622,105.243761,1,4,2,1
1090,1379880623,0.000212,0,1,1,1
1091,1379880624,25.275667,1,4,1,4
1092,1379880625,132.495460,1,3,1,1
1093,1379880626,641.042193,1,1,1,4
1094,1379880627,43.734089,1,3,2,1
1095,1379880628,2.239124,1,2,2,1
1096,1379880629,1037.861700,1,3,1,4
1097,1379880630,35.815011,1,1,1,1
1098,1379880631,0.000000,1,1,2,3
1099,1379880632,0.000462,0,1,1,3
1100,1379880633,1047.601095,1,4,1,4
1101,1379880634,0.002810,0,2,1,3
1102,1379880635,689.673727,1,2,1,4
1103,1379880636,579.020209,1,4,2,3
1104,1379880637,640.650370,1,4,1,3
1105,1379880638,94.883631,1,4,2,1
1106,1379880639,154.607350,1,3,1,2
1107,1379880640,8.741943,1,4,1,1
1108,1379880641,0.000222,0,1,1,1
1109,1379880642,786.336519,1,2,1,2
1110,1379880643,1539.932979,1,4,2,3
1111,1379880644,667.108057,1,2,1,4
1112,1379880645,562.099737,1,4,1,2
1113,1379880646,0.000259,0,1,2,2
1114,1379880647,40.947190,1,3,1,3
1115,1379880648,73.592683,1,3,1,2
1116,1379880649,0.000222,0,1,1,1
1117,1379880650,0.000459,0,2,2,1
1118,1379880651,638.586902,1,2,1,4
1119,1379880652,0.005440,0,1,2,1
1120,1379880653,124.036782,1,3,1,3
1121,1379880654,425.716897,1,3,2,3
1122,1379880655,0.000503,0,2,2,4
1123,1379880656,73.099729,1,1,1,1
1124,1379880657,24.311095,1,3,2,1
1125,1379880658,0.000462,0,1,1,3
1126,1379880659,41.319125,1,1,1,3
1127,1379880660,352.079731,1,3,2,4
1128,1379880661,0.000503,0,2,2,4
1129,1379880662,169.310558,1,2,1,1
1130,1379880663,651.162816,1,1,1,4
1131,1379880664,0.000000,1,1,2,3
1132,1379880665,31.486249,1,1,1,1
1133,1379880666,694.721541,1,2,2,3
1134,1379880667,89.049540,1,3,2,4
1135,1379880668,23.645331,1,1,2,2
1136,1379880669,0.001346,0,4,2,2
1137,1379880670,463.589903,1,2,2,2
1138,1379880671,2.859798,1,3,2,1
1139,1379880672,168.641742,1,4,2,4
1140,1379880673,167.885199,1,3,2,4
1141,1379880674,430.510114,1,2,1,3
1142,1379880675,163.663320,1,3,2,2
1143,1379880676,0.000000,1,4,1,4
1144,1379880677,678.599786,1,4,1,2
1145,1379880678,934.776796,1,2,2,4
1146,1379880679,708.501154,1,4,2,3
1147,1379880680,24.146469,1,1,1,3
1148,1379880681,155.096293,1,4,2,4
1149,1379880682,568.413431,1,4,2,3
1150,1379880683,1212.249106,1,3,2,2
1151,1379880684,0.002930,0,2,1,3
1152,1379880685,0.001124,0,4,1,4
1153,1379880686,77.723620,1,1,2,2
1154,1379880687,811.522025,1,4,1,2
1155,1379880688,0.000000,1,1,2,3
1156,1379880689,660.280661,1,2,1,4
1157,1379880690,0.003449,0,2,2,2
1158,1379880691,0.002334,0,3,2,4
1159,1379880692,2.074376,1,3,2,1
1160,1379880693,49.742736,1,1,1,3
1161,1379880694,0.003017,0,3,2,3
1162,1379880695,0.000000,1,1,2,2
1163,1379880696,120.027577,1,3,1,3
1164,1379880697,228.606337,1,4,2,4
1165,1379880698,139.366672,1,2,2,4
1166,1379880699,0.000000,1,3,1,2
1167,1379880700,0.006646,0,2,1,4
1168,1379880701,783.901330,1,1,2,1
1169,1379880702,9.783299,1,1,2,3
1170,1379880703,0.002930,0,2,1,3
1171,1379880704,808.685299,1,4,2,3
1172,1379880705,98.847238,1,1,2,4
1173,1379880706,0.000494,0,1,1,3
1174,1379880707,38.499861,1,2,2,1
1175,1379880708,26.178256,1,3,2,1
1176,1379880709,677.229320,1,2,1,4
1177,1379880710,0.000000,1,3,2,1
1178,1379880711,525.147893,1,4,1,3
1179,1379880712,40.084690,1,1,2,4
1180,1379880713,0.003017,0,3,2,3
1181,1379880714,0.000601,0,1,2,3
1182,1379880715,0.000802,0,2,2,4
1183,1379880716,416.932656,1,2,1,3
1184,1379880717,678.739274,1,4,1,2
1185,1379880718,0.000000,1,4,1,4
1186,1379880719,0.007624,0,4,1,3
1187,1379880720,37.383812,1,3,2,4
1188,1379880721,925.606018,1,1,1,3
1189,1379880722,770.247960,1,1,1,2
1190,1379880723,198.881884,1,3,2,4
1191,1379880724,124.467324,1,3,1,3
1192,1379880725,72.643522,1,4,1,4
1193,1379880726,0.004463,0,1,1,4
1194,1379880727,184.458448,1,3,2,2
1195,1379880728,445.455802,1,2,1,3
1196,1379880729,425.111099,1,2,1,3
1197,1379880730,155.557342,1,2,2,4
1198,1379880731,827.293989,1,4,2,4
1199,1379880732,29.407629,1,3,2,1
1200,1379880733,1014.662507,1,1,2,4
1201,1379880734,202.728014,1,4,2,4
1202,1379880735,0.002352,0,4,2,4
1203,1379880736,721.422203,1,2,2,4
1204,1379880737,411.569922,1,2,1,3
1205,1379880738,179.921678,1,3,2,4
1206,1379880739,49.705863,1,1,1,1
1207,1379880740,95.179575,1,4,2,2
1208,1379880741,164.092959,1,1,2,2
1209,1379880742,389.755542,1,2,2,2
1210,1379880743,122.678443,1,3,1,1
1211,1379880744,99.928584,1,4,2,1
1212,1379880745,0.003557,0,2,2,2
1213,1379880746,268.459655,1,4,2,2
1214,1379880747,0.000000,1,3,1,2
1215,1379880748,108.177391,1,3,1,1
1216,1379880749,718.388444,1,2,1,2
1217,1379880750,0.005760,0,2,2,3
1218,1379880751,40.493743,1,4,1,1
1219,1379880752,105.047206,1,3,2,1
1220,1379880753,0.003017,0,3,2,3
1221,1379880754,846.895317,1,1,2,4
1222,1379880755,1601.343984,1,1,1,2
1223,1379880756,161.864596,1,4,2,4
1224,1379880757,433.656792,1,3,2,3
1225,1379880758,0.000000,1,3,1,2
1226,1379880759,0.002333,0,3,1,3
1227,1379880760,533.705276,1,4,2,3
1228,1379880761,177.564938,1,2,1,1
1229,1379880762,252.886997,1,4,2,2
1230,1379880763,19.848018,1,1,2,2
1231,1379880764,630.992756,1,2,1,2
1232,1379880765,620.070632,1,1,2,1
1233,1379880766,0.005654,0,4,1,2
1234,1379880767,91.172507,1,1,2,2
1235,1379880768,705.608703,1,1,1,4
1236,1379880769,34.511452,1,1,1,3
1237,1379880770,405.689101,1,2,2,2
1238,1379880771,19.117214,1,2,2,1
1239,1379880772,0.000589,0,3,1,4
1240,1379880773,0.000948,0,4,1,1
1241,1379880774,438.973126,1,2,1,3
1242,1379880775,638.731099,1,4,1,3
1243,1379880776,177.743142,1,3,2,2
1244,1379880777,0.000000,1,4,2,2
1245,1379880778,16.651811,1,3,2,1
1246,1379880779,260.176486,1,2,2,4
1247,1379880780,723.159892,1,2,1,4
1248,1379880781,0.000917,0,1,2,4
1249,1379880782,127.607573,1,1,2,3
1250,1379880783,1034.967601,1,4,1,4
1251,1379880784,96.252062,1,1,2,3
1252,1379880785,59.900997,1,1,1,3
1253,1379880786,1479.453955,1,2,1,4
1254,1379880787,684.957941,1,4,1,3
1255,1379880788,0.003670,0,2,2,2
1256,1379880789,219.382509,1,2,1,1
1257,1379880790,357.608222,1,2,1,2
1258,1379880791,578.645818,1,2,1,2
1259,1379880792,647.644340,1,4,1,3
1260,1379880793,434.768954,1,2,2,2
1261,1379880794,11.243343,1,3,2,1
1262,1379880795,690.898997,1,1,1,4
1263,1379880796,7.487022,1,4,1,4
1264,1379880797,231.101642,1,3,2,2
1265,1379880798,624.701906,1,1,1,4
1266,1379880799,0.000000,1,1,2,3
1267,1379880800,34.840120,1,4,1,1
1268,1379880801,70.905967,1,1,2,4
1269,1379880802,702.812880,1,2,1,4
1270,1379880803,125.615584,1,3,2,4
1271,1379880804,112.464207,1,4,1,4
1272,1379880805,638.797819,1,1,1,2
1273,1379880806,161.612330,1,4,2,2
1274,1379880807,203.607196,1,4,1,4
1275,1379880808,161.692095,1,4,1,4
1276,1379880809,1227.865603,1,3,2,3
1277,1379880810,30.709275,1,1,2,4
1278,1379880811,183.803136,1,3,2,2
1279,1379880812,60.673565,1,4,2,1
1280,1379880813,0.009362,0,2,1,2
1281,1379880814,255.328794,1,3,1,3
1282,1379880815,208.152480,1,2,1,1
1283,1379880816,414.378723,1,2,2,2
1284,1379880817,863.521157,1,2,1,2
1285,1379880818,732.958169,1,1,1,4
1286,1379880819,194.839528,1,3,1,3
1287,1379880820,434.860294,1,2,1,3
1288,1379880821,420.778874,1,2,1,3
1289,1379880822,0.008050,0,4,2,3
1290,1379880823,95.480319,1,2,1,1
1291,1379880824,0.001332,0,3,2,1
1292,1379880825,0.002397,0,4,2,4
1293,1379880826,62.408175,1,2,2,1
1294,1379880827,385.428224,1,2,2,4
1295,1379880828,730.284017,1,4,1,3
1296,1379880829,6.533920,1,3,1,2
1297,1379880830,0.003761,0,2,1,3
1298,1379880831,0.000778,0,1,1,3
1299,1379880832,0.001241,0,2,1,1
1300,1379880833,1181.550733,1,2,1,3
1301,1379880834,0.005760,0,2,2,3
1302,1379880835,733.396847,1,1,1,2
1303,1379880836,166.506418,1,3,2,2
1304,1379880837,0.001567,0,4,1,4
1305,1379880838,668.620235,1,2,2,3
1306,1379880839,0.000363,0,1,2,2
1307,1379880840,582.884875,1,4,1,3
1308,1379880841,687.344500,1,1,1,2
1309,1379880842,0.000000,1,3,1,2
1310,1379880843,92.239674,1,4,2,1
1311,1379880844,0.000663,0,1,2,3
1312,1379880845,0.000589,0,3,1,4
1313,1379880846,697.442239,1,4,1,3
1314,1379880847,422.341453,1,2,1,3
1315,1379880848,422.542435,1,2,1,3
1316,1379880849,869.762885,1,3,2,2
1317,1379880850,95.647049,1,3,2,4
1318,1379880851,688.040135,1,1,1,4
1319,1379880852,0.000265,0,1,1,1
1320,1379880853,38.598125,1,3,1,4
1321,1379880854,139.505906,1,1,2,2
1322,1379880855,128.479612,1,4,2,4
1323,1379880856,0.000000,1,4,2,2
1324,1379880857,0.000000,1,1,2,3
1325,1379880858,95.478664,1,3,1,1
1326,1379880859,66.544052,1,4,2,2
1327,1379880860,81.331281,1,3,1,1
1328,1379880861,159.059340,1,3,1,3
1329,1379880862,157.156406,1,3,1,3
1330,1379880863,645.034209,1,2,1,2
1331,1379880864,41.348194,1,2,2,1
1332,1379880865,587.246072,1,1,1,2
1333,1379880866,173.750254,1,2,1,1
1334,1379880867,0.000000,1,2,2,4
1335,1379880868,221.720342,1,3,1,2
1336,1379880869,744.633758,1,4,2,3
1337,1379880870,130.408011,1,3,1,2
1338,1379880871,329.355021,1,2,1,2
1339,1379880872,36.904720,1,4,1,1
1340,1379880873,582.817110,1,4,1,2
1341,1379880874,81.797310,1,1,2,2
1342,1379880875,1230.812895,1,4,2,4
1343,1379880876,0.000000,1,4,2,2
1344,1379880877,39.642713,1,1,1,1
1345,1379880878,405.942628,1,2,2,2
1346,1379880879,81.017508,1,3,1,1
1347,1379880880,902.154428,1,4,1,3
1348,1379880881,412.101051,1,3,1,2
1349,1379880882,0.005816,0,4,1,2
1350,1379880883,1812.444745,1,4,2,3
1351,1379880884,0.008760,0,4,2,3
1352,1379880885,754.531194,1,1,2,1
1353,1379880886,636.300406,1,1,2,1
1354,1379880887,23.705408,1,3,1,4
1355,1379880888,4.480607,1,4,1,1
1356,1379880889,0.000000,1,3,2,4
1357,1379880890,172.856896,1,3,1,3
1358,1379880891,0.003479,0,3,2,3
1359,1379880892,232.241050,1,4,2,4
1360,1379880893,0.002839,0,4,2,4
1361,1379880894,188.813947,1,3,2,2
1362,1379880895,90.032833,1,4,2,1
1363,1379880896,15.152230,1,3,1,4
1364,1379880897,27.081711,1,1,1,1
1365,1379880898,21.739485,1,1,1,3
1366,1379880899,34.442303,1,1,1,1
1367,1379880900,704.445346,1,2,1,4
1368,1379880901,0.005946,0,2,2,3
1369,1379880902,0.002511,0,3,2,4
1370,1379880903,94.522848,1,3,1,1
1371,1379880904,0.001225,0,2,2,4
1372,1379880905,684.578177,1,2,2,3
1373,1379880906,666.605049,1,4,1,3
1374,1379880907,205.633617,1,2,1,1
1375,1379880908,390.118875,1,3,2,3
1376,1379880909,156.457799,1,2,1,1
1377,1379880910,668.413544,1,1,1,4
1378,1379880911,771.197321,1,4,1,3
1379,1379880912,0.002839,0,4,2,4
1380,1379880913,698.365678,1,4,2,3
1381,1379880914,402.516694,1,2,2,2
1382,1379880915,0.000425,0,1,2,2
1383,1379880916,42.847322,1,1,2,4
1384,1379880917,658.546231,1,2,1,2
1385,1379880918,0.000000,1,1,2,3
1386,1379880919,1517.522943,1,1,1,2
1387,1379880920,0.009380,0,4,1,3
1388,1379880921,29.410933,1,2,2,1
1389,1379880922,14.910549,1,3,2,1
1390,1379880923,789.162753,1,4,1,3
1391,1379880924,16.837050,1,1,2,2
1392,1379880925,104.677348,1,4,2,1
1393,1379880926,79.835402,1,4,2,1
1394,1379880927,419.099657,1,3,2,3
1395,1379880928,108.538221,1,3,1,3
1396,1379880929,1169.714955,1,1,2,4
1397,1379880930,26.567274,1,4,1,1
1398,1379880931,46.198184,1,1,2,4
1399,1379880932,0.000000,1,1,2,2
1400,1379880933,850.377779,1,2,2,4
1401,1379880934,0.000512,0,2,2,1
1402,1379880935,0.000000,1,2,2,4
1403,1379880936,0.000000,1,3,2,4
1404,1379880937,0.000784,0,1,1,3
1405,1379880938,641.589189,1,2,1,4
1406,1379880939,1177.017436,1,1,2,3
1407,1379880940,417.204293,1,3,2,3
1408,1379880941,716.278313,1,1,1,2
1409,1379880942,47.999871,1,3,2,1
1410,1379880943,632.399331,1,2,1,4
1411,1379880944,28.782863,1,4,2,2
1412,1379880945,144.784589,1,4,1,4
1413,1379880946,676.847250,1,2,2,3
1414,1379880947,166.258732,1,4,2,4
1415,1379880948,213.845430,1,1,2,3
1416,1379880949,1037.498848,1,1,2,1
1417,1379880950,738.405514,1,1,1,4
1418,1379880951,0.007912,0,1,1,2
1419,1379880952,38.959321,1,1,1,1
1420,1379880953,11.705291,1,1,2,4
1421,1379880954,0.000000,1,1,2,3
1422,1379880955,0.009600,0,4,1,3
1423,1379880956,208.770326,1,4,1,4
1424,1379880957,0.008191,0,2,1,4
1425,1379880958,172.744294,1,3,1,3
1426,1379880959,42.166340,1,4,1,1
1427,1379880960,0.002672,0,3,1,3
1428,1379880961,84.209851,1,4,2,2
1429,1379880962,0.000000,1,1,2,3
1430,1379880963,704.554114,1,4,1,2
1431,1379880964,0.005810,0,1,1,4
1432,1379880965,0.008954,0,4,2,3
1433,1379880966,697.225137,1,2,1,2
1434,1379880967,184.336104,1,2,1,1
1435,1379880968,0.001665,0,4,1,4
1436,1379880969,641.886543,1,1,1,2
1437,1379880970,140.095342,1,4,1,4
1438,1379880971,54.545033,1,4,1,4
1439,1379880972,42.587754,1,1,1,1
1440,1379880973,195.620126,1,4,2,2
1441,1379880974,0.000741,0,3,1,1
1442,1379880975,86.640247,1,3,2,4
1443,1379880976,0.002535,0,3,2,4
1444,1379880977,77.801316,1,2,2,1
1445,1379880978,415.568213,1,2,1,3
1446,1379880979,23.498000,1,2,2,1
1447,1379880980,565.392740,1,4,1,3
1448,1379880981,11.049637,1,1,1,1
1449,1379880982,39.688604,1,3,1,4
1450,1379880983,1158.879624,1,3,1,3
1451,1379880984,724.850645,1,4,1,3
1452,1379880985,15.334370,1,4,1,1
1453,1379880986,0.002994,0,3,1,3
1454,1379880987,154.161835,1,2,1,1
1455,1379880988,0.006504,0,1,2,1
1456,1379880989,418.175933,1,2,1,3
1457,1379880990,101.415893,1,4,2,1
1458,1379880991,806.260809,1,2,1,2
1459,1379880992,230.256890,1,4,2,2
1460,1379880993,147.119547,1,3,1,1
1461,1379880994,0.010473,0,2,1,2
1462,1379880995,62.639462,1,3,1,4
1463,1379880996,0.000000,1,1,2,4
1464,1379880997,21.479161,1,4,1,1
1465,1379880998,73.129776,1,4,2,1
1466,1379880999,186.768752,1,3,2,2
1467,1379881000,58.859051,1,3,2,4
1468,1379881001,48.165657,1,1,2,4
1469,1379881002,43.171973,1,3,1,1
1470,1379881003,442.986386,1,2,1,3
1471,1379881004,0.000000,1,3,2,1
1472,1379881005,122.659006,1,4,2,2
1473,1379881006,69.647075,1,1,2,2
1474,1379881007,34.445757,1,1,1,1
1475,1379881008,29.495749,1,1,1,1
1476,1379881009,1031.749291,1,3,1,3
1477,1379881010,0.000999,0,4,1,1
1478,1379881011,0.004131,0,2,2,2
1479,1379881012,94.906510,1,4,2,1
1480,1379881013,0.006012,0,4,1,2
1481,1379881014,642.748686,1,4,1,2
1482,1379881015,652.137327,1,1,2,1
1483,1379881016,201.535010,1,1,2,3
1484,1379881017,417.379821,1,2,1,3
1485,1379881018,39.583303,1,1,1,3
1486,1379881019,12.732569,1,1,2,2
1487,1379881020,92.502429,1,4,1,4
1488,1379881021,81.694939,1,1,2,4
1489,1379881022,917.601281,1,1,1,3
1490,1379881023,0.000337,0,1,1,1
1491,1379881024,777.169861,1,1,1,4
1492,1379881025,150.498455,1,4,2,4
1493,1379881026,1835.397604,1,1,2,1
1494,1379881027,404.339348,1,3,2,3
1495,1379881028,50.622966,1,4,1,1
1496,1379881029,690.006721,1,2,2,3
1497,1379881030,265.926795,1,3,1,3
1498,1379881031,44.634564,1,1,2,2
1499,1379881032,83.760213,1,3,2,1
1500,1379881033,776.754201,1,1,2,2
1501,1379881034,37.869063,1,1,2,2
1502,1379881035,769.068683,1,4,1,3
1503,1379881036,0.001334,0,1,2,4
1504,1379881037,182.782551,1,2,1,1
1505,1379881038,85.686956,1,4,2,1
1506,1379881039,0.001461,0,2,2,4
1507,1379881040,914.656678,1,2,1,2
1508,1379881041,208.526354,1,4,2,4
1509,1379881042,146.379707,1,3,1,1
1510,1379881043,0.010172,0,4,1,3
1511,1379881044,40.102654,1,3,2,1
1512,1379881045,0.007195,0,1,2,1
1513,1379881046,24.203789,1,3,2,1
1514,1379881047,25.405820,1,1,2,2
1515,1379881048,660.688128,1,2,1,4
1516,1379881049,397.526661,1,2,2,2
1517,1379881050,680.431484,1,2,2,3
1518,1379881051,625.467095,1,4,2,3
1519,1379881052,63.794163,1,3,1,1
1520,1379881053,0.000000,1,3,1,2
1521,1379881054,29.594960,1,1,1,1
1522,1379881055,63.637441,1,3,1,3
1523,1379881056,55.726939,1,3,2,4
1524,1379881057,20.948205,1,3,1,4
1525,1379881058,76.911577,1,3,1,1
1526,1379881059,1411.029487,1,4,1,3
1527,1379881060,0.002073,0,4,2,1
1528,1379881061,82.445770,1,3,2,1
1529,1379881062,19.202106,1,2,2,4
1530,1379881063,437.103958,1,2,1,3
1531,1379881064,428.531046,1,3,2,4
1532,1379881065,97.645640,1,3,1,1
1533,1379881066,152.849249,1,2,2,4
1534,1379881067,1621.204202,1,4,1,2
1535,1379881068,47.618166,1,1,2,4
1536,1379881069,37.414222,1,1,2,2
1537,1379881070,199.171789,1,3,2,2
1538,1379881071,0.000000,1,1,2,2
1539,1379881072,108.777885,1,4,1,4
1540,1379881073,0.000000,1,2,2,4
1541,1379881074,0.003931,0,3,2,3
1542,1379881075,947.796572,1,1,2,2
1543,1379881076,411.117169,1,2,1,3
1544,1379881077,682.365462,1,2,2,3
1545,1379881078,15.358227,1,3,1,2
1546,1379881079,164.258533,1,3,2,2
1547,1379881080,0.002985,0,4,2,4
1548,1379881081,393.454643,1,2,2,2
1549,1379881082,233.204780,1,4,2,2
1550,1379881083,1212.274015,1,3,2,2
1551,1379881084,30.355028,1,1,1,1
1552,1379881085,36.921498,1,3,2,4
1553,1379881086,53.028474,1,3,2,1
1554,1379881087,37.821710,1,1,1,1
1555,1379881088,173.083761,1,4,2,2
1556,1379881089,0.000000,1,3,2,4
1557,1379881090,0.001535,0,2,1,1
1558,1379881091,87.630301,1,2,2,4
1559,1379881092,636.376695,1,2,1,4
1560,1379881093,0.000364,0,1,1,1
1561,1379881094,501.489932,1,1,2,1
1562,1379881095,72.340653,1,3,1,1
1563,1379881096,302.613727,1,2,2,2
1564,1379881097,701.165073,1,2,2,3
1565,1379881098,27.428475,1,4,1,1
1566,1379881099,76.107220,1,3,1,1
1567,1379881100,407.897763,1,2,2,2
1568,1379881101,90.434438,1,4,2,1
1569,1379881102,237.828686,1,2,2,2
1570,1379881103,0.000000,1,1,2,3
1571,1379881104,563.284099,1,1,2,1
1572,1379881105,104.664524,1,4,2,1
1573,1379881106,0.000000,1,1,2,4
1574,1379881107,815.895498,1,1,2,1
1575,1379881108,726.716981,1,4,1,2
1576,1379881109,48.664979,1,3,2,1
1577,1379881110,461.194334,1,2,2,2
1578,1379881111,272.760389,1,3,1,3
1579,1379881112,27.928268,1,3,1,4
1580,1379881113,1246.341494,1,3,1,3
1581,1379881114,664.362444,1,2,2,3
1582,1379881115,0.000000,1,1,2,3
1583,1379881116,0.000000,1,2,2,4
1584,1379881117,442.001737,1,4,1,3
1585,1379881118,38.939989,1,4,1,1
1586,1379881119,0.000000,1,3,1,2
1587,1379881120,0.006843,0,4,1,2
1588,1379881121,657.660289,1,2,1,2
1589,1379881122,0.000000,1,1,2,3
1590,1379881123,109.797771,1,3,1,1
1591,1379881124,750.757960,1,2,1,2
1592,1379881125,208.906402,1,2,1,1
1593,1379881126,0.011118,0,2,1,2
1594,1379881127,0.000000,1,1,2,3
1595,1379881128,149.379978,1,3,1,3
1596,1379881129,808.505488,1,2,1,2
1597,1379881130,83.601073,1,4,2,1
1598,1379881131,734.785243,1,1,1,2
1599,1379881132,188.605018,1,3,2,2
1600,1379881133,964.864287,1,4,1,1
1601,1379881134,437.261669,1,2,1,3
1602,1379881135,74.602200,1,1,2,4
1603,1379881136,173.941584,1,4,2,4
1604,1379881137,0.001299,0,4,1,1
1605,1379881138,600.123384,1,4,2,3
1606,1379881139,41.507294,1,1,1,1
1607,1379881140,0.001368,0,1,2,4
1608,1379881141,34.172732,1,2,2,1
1609,1379881142,0.000000,1,1,2,4
1610,1379881143,152.180696,1,4,1,4
1611,1379881144,494.444944,1,2,1,2
1612,1379881145,680.247931,1,2,2,3
1613,1379881146,28.549290,1,3,1,4
1614,1379881147,681.608930,1,4,1,2
1615,1379881148,0.007032,0,4,1,2
1616,1379881149,131.184435,1,3,1,3
1617,1379881150,0.010686,0,4,1,3
1618,1379881151,705.394378,1,4,1,3
1619,1379881152,959.580484,1,2,1,2
1620,1379881153,156.397887,1,3,2,4
1621,1379881154,145.011381,1,4,2,2
1622,1379881155,0.003033,0,4,2,4
1623,1379881156,510.029971,1,1,2,1
1624,1379881157,36.963613,1,1,1,3
1625,1379881158,101.557653,1,4,2,1
1626,1379881159,36.279291,1,4,1,1
1627,1379881160,643.419599,1,1,1,2
1628,1379881161,436.337146,1,3,2,3
1629,1379881162,709.033508,1,1,2,1
1630,1379881163,155.115792,1,3,1,2
1631,1379881164,607.713838,1,4,1,3
1632,1379881165,0.004053,0,3,2,3
1633,1379881166,49.101968,1,1,1,1
1634,1379881167,194.572530,1,4,2,4
1635,1379881168,0.003428,0,3,2,2
1636,1379881169,98.984491,1,4,2,1
1637,1379881170,0.002207,0,4,2,1
1638,1379881171,132.096342,1,2,1,1
1639,1379881172,701.014652,1,2,2,3
1640,1379881173,96.730346,1,4,2,1
1641,1379881174,702.361724,1,1,1,2
1642,1379881175,227.211083,1,4,1,4
1643,1379881176,162.909457,1,4,1,4
1644,1379881177,47.243625,1,4,1,1
1645,1379881178,38.414183,1,1,1,1
1646,1379881179,409.506157,1,2,2,2
1647,1379881180,0.011747,0,2,1,2
1648,1379881181,0.005152,0,2,1,3
1649,1379881182,416.789991,1,3,2,3
1650,1379881183,1118.650803,1,4,2,2
1651,1379881184,46.556611,1,1,1,1
1652,1379881185,324.634204,1,3,1,3
1653,1379881186,0.004856,0,2,2,2
1654,1379881187,186.995454,1,3,2,4
1655,1379881188,92.284758,1,1,2,4
1656,1379881189,0.000000,1,4,1,4
1657,1379881190,72.248597,1,4,2,1
1658,1379881191,190.299854,1,4,2,4
1659,1379881192,56.884411,1,3,1,1
1660,1379881193,745.871809,1,4,1,3
1661,1379881194,195.905845,1,3,2,2
1662,1379881195,0.008056,0,1,2,1
1663,1379881196,0.002792,0,3,2,4
1664,1379881197,634.080431,1,4,2,3
1665,1379881198,120.511919,1,4,2,4
1666,1379881199,86.801873,1,4,2,1
1667,1379881200,53.590689,1,3,2,1
1668,1379881201,68.182962,1,1,2,2
1669,1379881202,674.984132,1,2,1,4
1670,1379881203,408.026539,1,2,1,3
1671,1379881204,792.676608,1,2,1,4
1672,1379881205,406.311665,1,2,1,3
1673,1379881206,84.418657,1,4,2,1
1674,1379881207,19.472185,1,3,2,1
1675,1379881208,135.353138,1,4,2,4
1676,1379881209,842.229512,1,2,1,2
1677,1379881210,500.987273,1,1,2,1
1678,1379881211,184.946803,1,3,1,3
1679,1379881212,32.258894,1,1,1,3
1680,1379881213,0.000988,0,3,1,1
1681,1379881214,89.286484,1,4,2,1
1682,1379881215,1325.260955,1,1,1,4
1683,1379881216,0.000000,1,3,1,2
1684,1379881217,619.994432,1,1,1,4
1685,1379881218,0.000000,1,3,2,4
1686,1379881219,55.432805,1,4,1,1
1687,1379881220,416.217973,1,3,2,3
1688,1379881221,42.218032,1,4,1,1
1689,1379881222,148.337851,1,2,1,1
1690,1379881223,627.704796,1,1,1,4
1691,1379881224,155.387764,1,4,2,2
1692,1379881225,0.000549,0,2,2,1
1693,1379881226,0.008195,0,1,2,1
1694,1379881227,857.722355,1,4,2,1
1695,1379881228,42.277142,1,3,1,4
1696,1379881229,0.001671,0,2,1,1
1697,1379881230,765.160226,1,1,1,4
1698,1379881231,480.032187,1,2,2,2
1699,1379881232,689.884785,1,2,2,3
1700,1379881233,1687.664730,1,1,2,1
1701,1379881234,511.244328,1,2,2,2
1702,1379881235,179.038628,1,3,2,2
1703,1379881236,0.000000,1,3,2,1
1704,1379881237,45.100913,1,4,1,4
1705,1379881238,639.625245,1,4,1,3
1706,1379881239,23.869431,1,3,1,4
1707,1379881240,199.855681,1,2,2,4
1708,1379881241,593.897373,1,4,1,2
1709,1379881242,148.339300,1,2,2,4
1710,1379881243,0.001938,0,4,1,4
1711,1379881244,7.628420,1,4,1,1
1712,1379881245,710.053958,1,2,1,2
1713,1379881246,6.216878,1,3,1,4
1714,1379881247,666.021891,1,1,2,1
1715,1379881248,220.871833,1,3,1,2
1716,1379881249,750.357568,1,2,1,4
1717,1379881250,707.837879,1,4,1,3
1718,1379881251,111.338644,1,4,1,4
1719,1379881252,210.480179,1,2,1,1
1720,1379881253,652.957105,1,4,1,2
1721,1379881254,0.001352,0,4,1,1
1722,1379881255,9.200088,1,2,2,1
1723,1379881256,0.008849,0,1,2,1
1724,1379881257,0.000680,0,3,1,4
1725,1379881258,41.057667,1,2,2,1
1726,1379881259,80.809609,1,4,2,1
1727,1379881260,14.078975,1,1,1,3
1728,1379881261,0.000000,1,1,2,3
1729,1379881262,0.006953,0,1,1,4
1730,1379881263,0.002271,0,4,2,2
1731,1379881264,515.115483,1,2,2,2
1732,1379881265,0.001073,0,1,1,3
1733,1379881266,31.968058,1,4,1,1
1734,1379881267,74.181726,1,4,2,1
1735,1379881268,304.810606,1,2,1,2
1736,1379881269,544.055713,1,4,1,3
1737,1379881270,17.238619,1,4,1,1
1738,1379881271,0.193354,1,4,2,2
1739,1379881272,72.148399,1,4,2,1
1740,1379881273,0.000000,1,1,2,4
1741,1379881274,60.814062,1,1,1,3
1742,1379881275,141.722193,1,4,2,2
1743,1379881276,0.001105,0,1,2,3
1744,1379881277,48.626486,1,3,1,4
1745,1379881278,0.000563,0,2,2,1
1746,1379881279,214.465090,1,4,2,4
1747,1379881280,0.001462,0,3,2,1
1748,1379881281,14.959724,1,1,1,3
1749,1379881282,566.343472,1,1,2,3
1750,1379881283,1287.555852,1,1,1,2
1751,1379881284,55.384187,1,1,2,2
1752,1379881285,0.009026,0,1,1,2
1753,1379881286,39.343061,1,3,1,4
1754,1379881287,0.002792,0,3,2,4
1755,1379881288,713.264772,1,1,1,2
1756,1379881289,0.000000,1,1,2,2
1757,1379881290,0.009167,0,2,1,4
1758,1379881291,1059.359889,1,3,2,2
1759,1379881292,0.000563,0,2,2,1
1760,1379881293,16.346844,1,1,2,2
1761,1379881294,34.586778,1,4,1,1
1762,1379881295,718.794111,1,4,2,3
1763,1379881296,49.453750,1,1,1,1
1764,1379881297,158.807170,1,4,2,4
1765,1379881298,0.001011,0,1,2,2
1766,1379881299,440.200540,1,2,1,3
1767,1379881300,0.005274,0,2,2,2
1768,1379881301,309.392712,1,3,1,3
1769,1379881302,662.478591,1,4,1,2
1770,1379881303,0.001393,0,1,2,4
1771,1379881304,747.899517,1,4,2,3
1772,1379881305,24.761140,1,2,2,1
1773,1379881306,543.927042,1,2,2,2
1774,1379881307,67.849239,1,1,1,3
1775,1379881308,0.002792,0,3,2,4
1776,1379881309,119.753477,1,3,1,1
1777,1379881310,517.338221,1,1,1,4
1778,1379881311,166.117067,1,3,1,1
1779,1379881312,0.003315,0,4,2,4
1780,1379881313,0.000000,1,2,2,4
1781,1379881314,88.423936,1,4,2,1
1782,1379881315,0.003315,0,4,2,4
1783,1379881316,413.693129,1,2,1,3
1784,1379881317,65.049919,1,1,1,3
1785,1379881318,97.864177,1,3,1,2
1786,1379881319,12.175448,1,1,2,4
1787,1379881320,203.196331,1,3,2,2
1788,1379881321,0.002652,0,4,2,1
1789,1379881322,218.422340,1,4,2,4
1790,1379881323,175.723992,1,4,2,4
1791,1379881324,411.661350,1,3,2,3
1792,1379881325,0.007562,0,4,1,2
1793,1379881326,432.381026,1,2,1,3
1794,1379881327,86.422855,1,1,1,1
1795,1379881328,0.000705,0,3,1,4
1796,1379881329,105.686090,1,4,2,2
1797,1379881330,87.763374,1,4,2,1
1798,1379881331,0.001462,0,3,2,1
1799,1379881332,631.956416,1,2,1,2
1800,1379881333,1320.843360,1,2,1,3
1801,1379881334,23.155949,1,1,1,1
1802,1379881335,649.444806,1,1,1,2
1803,1379881336,380.184176,1,3,1,3
1804,1379881337,775.314341,1,1,1,4
1805,1379881338,0.002340,0,4,2,2
1806,1379881339,716.177806,1,2,1,4
1807,1379881340,313.662166,1,3,1,3
1808,1379881341,415.868387,1,2,1,2
1809,1379881342,0.011784,0,4,1,3
1810,1379881343,709.885744,1,1,1,2
1811,1379881344,756.976979,1,4,2,3
1812,1379881345,22.489897,1,4,1,4
1813,1379881346,656.884514,1,4,2,3
1814,1379881347,0.007849,0,2,2,3
1815,1379881348,185.152203,1,3,2,2
1816,1379881349,218.841202,1,4,2,4
1817,1379881350,0.000570,0,2,2,1
1818,1379881351,270.530643,1,3,2,4
1819,1379881352,0.011784,0,4,1,3
1820,1379881353,114.240222,1,4,1,4
1821,1379881354,40.620657,1,3,2,1
1822,1379881355,32.393543,1,2,2,4
1823,1379881356,1029.735442,1,2,2,1
1824,1379881357,0.000000,1,2,2,4
1825,1379881358,703.383814,1,4,1,3
1826,1379881359,114.241486,1,1,2,4
1827,1379881360,642.164584,1,4,1,2
1828,1379881361,0.001131,0,1,1,3
1829,1379881362,920.936363,1,3,2,1
1830,1379881363,54.511845,1,2,2,4
1831,1379881364,134.483919,1,4,2,4
1832,1379881365,0.009366,0,2,1,4
1833,1379881366,719.976868,1,2,2,1
1834,1379881367,225.170911,1,2,1,1
1835,1379881368,710.733940,1,2,1,2
1836,1379881369,60.002297,1,1,2,2
1837,1379881370,102.596858,1,4,2,1
1838,1379881371,0.001428,0,1,2,4
1839,1379881372,186.190967,1,3,2,4
1840,1379881373,1647.082399,1,2,1,4
1841,1379881374,0.002007,0,4,1,4
1842,1379881375,148.753368,1,4,2,4
1843,1379881376,168.904518,1,4,2,4
1844,1379881377,232.054269,1,4,2,4
1845,1379881378,705.001915,1,1,2,1
1846,1379881379,74.066938,1,3,2,4
1847,1379881380,11.993221,1,4,1,4
1848,1379881381,0.000000,1,1,2,2
1849,1379881382,0.007849,0,2,2,3
1850,1379881383,733.807156,1,2,2,4
1851,1379881384,0.000000,1,3,1,3
1852,1379881385,786.899023,1,4,2,3
1853,1379881386,88.888192,1,3,1,2
1854,1379881387,620.676934,1,1,1,2
1855,1379881388,214.004745,1,4,2,4
1856,1379881389,417.002186,1,2,2,2
1857,1379881390,0.004398,0,3,2,3
1858,1379881391,431.267874,1,3,2,3
1859,1379881392,533.709788,1,1,2,1
1860,1379881393,178.207514,1,3,2,2
1861,1379881394,433.665695,1,3,2,3
1862,1379881395,0.006102,0,2,1,3
1863,1379881396,0.000000,1,3,2,1
1864,1379881397,0.002705,0,4,2,1
1865,1379881398,0.001729,0,3,2,1
1866,1379881399,106.836029,1,3,1,1
1867,1379881400,0.002705,0,4,2,1
1868,1379881401,580.264217,1,4,2,3
1869,1379881402,52.063100,1,3,2,1
1870,1379881403,747.256264,1,1,1,2
1871,1379881404,30.129120,1,1,1,1
1872,1379881405,677.611715,1,2,2,3
1873,1379881406,58.653358,1,3,1,4
1874,1379881407,700.203666,1,2,1,2
1875,1379881408,42.287943,1,4,1,4
1876,1379881409,0.001858,0,2,2,4
1877,1379881410,0.010651,0,4,2,3
1878,1379881411,1063.603483,1,1,2,4
1879,1379881412,11.647180,1,1,2,3
1880,1379881413,21.049049,1,4,1,4
1881,1379881414,0.001375,0,4,1,1
1882,1379881415,71.084390,1,3,1,3
1883,1379881416,585.977841,1,4,1,3
1884,1379881417,928.777615,1,2,1,2
1885,1379881418,0.005541,0,2,2,2
1886,1379881419,43.024188,1,1,2,4
1887,1379881420,0.001027,0,1,2,2
1888,1379881421,20.026388,1,2,2,1
1889,1379881422,690.818640,1,1,1,2
1890,1379881423,784.971892,1,4,1,3
1891,1379881424,0.000000,1,3,1,2
1892,1379881425,662.710634,1,4,1,3
1893,1379881426,88.906289,1,4,2,1
1894,1379881427,107.819108,1,4,2,1
1895,1379881428,103.641386,1,4,2,1
1896,1379881429,0.002340,0,4,2,2
1897,1379881430,181.192020,1,3,2,2
1898,1379881431,680.530174,1,1,1,2
1899,1379881432,0.001027,0,1,2,2
1900,1379881433,1614.653645,1,4,2,3
1901,1379881434,729.903967,1,2,1,2
1902,1379881435,687.058858,1,1,1,2
1903,1379881436,534.267703,1,4,2,3
1904,1379881437,25.565056,1,1,1,3
1905,1379881438,30.237695,1,1,2,4
1906,1379881439,0.000000,1,3,1,2
1907,1379881440,87.381507,1,2,2,4
1908,1379881441,1106.416044,1,2,2,2
1909,1379881442,0.011247,0,4,2,3
1910,1379881443,104.167781,1,4,2,1
1911,1379881444,125.867525,1,3,1,1
1912,1379881445,0.012544,0,4,1,3
1913,1379881446,1414.142356,1,4,1,3
1914,1379881447,0.012937,0,4,1,3
1915,1379881448,327.914923,1,2,2,2
1916,1379881449,45.706948,1,1,1,1
1917,1379881450,611.955909,1,4,1,3
1918,1379881451,559.931538,1,1,1,4
1919,1379881452,0.000000,1,2,2,4
1920,1379881453,0.013407,0,2,1,2
1921,1379881454,0.000000,1,1,2,3
1922,1379881455,652.255650,1,2,1,4
1923,1379881456,76.741337,1,1,2,4
1924,1379881457,574.748939,1,4,1,3
1925,1379881458,30.621111,1,2,2,1
1926,1379881459,28.877733,1,1,2,2
1927,1379881460,183.344996,1,2,1,1
1928,1379881461,435.927371,1,2,2,2
1929,1379881462,12.160956,1,1,2,4
1930,1379881463,0.003735,0,4,2,4
1931,1379881464,228.196098,1,2,1,1
1932,1379881465,0.001906,0,2,1,1
1933,1379881466,233.281664,1,1,2,3
1934,1379881467,165.757744,1,3,1,3
1935,1379881468,32.733077,1,2,2,1
1936,1379881469,0.000000,1,1,2,3
1937,1379881470,611.979335,1,4,1,3
1938,1379881471,0.007468,0,1,1,4
1939,1379881472,96.915596,1,4,2,1
1940,1379881473,56.608063,1,4,2,2
1941,1379881474,39.903468,1,4,1,1
1942,1379881475,714.016521,1,1,2,1
1943,1379881476,451.107014,1,2,1,3
1944,1379881477,42.482520,1,3,2,1
1945,1379881478,22.525802,1,3,1,4
1946,1379881479,367.134846,1,2,2,2
1947,1379881480,76.270726,1,4,2,2
1948,1379881481,89.045157,1,1,2,4
1949,1379881482,36.104922,1,3,1,2
1950,1379881483,951.637245,1,3,2,4
1951,1379881484,0.004639,0,3,2,3
1952,1379881485,555.860767,1,2,2,2
1953,1379881486,105.695755,1,3,1,1
1954,1379881487,0.002844,0,4,2,1
1955,1379881488,0.006228,0,2,1,3
1956,1379881489,436.600635,1,2,2,2
1957,1379881490,0.001330,0,1,2,3
1958,1379881491,676.857684,1,2,2,3
1959,1379881492,0.000000,1,1,2,3
1960,1379881493,679.418283,1,2,2,3
1961,1379881494,899.940233,1,3,2,4
1962,1379881495,193.445128,1,4,2,4
1963,1379881496,454.774194,1,1,2,1
1964,1379881497,63.818356,1,1,2,4
1965,1379881498,394.039725,1,3,2,3
1966,1379881499,35.721338,1,1,1,1
1967,1379881500,185.138445,1,2,1,1
1968,1379881501,400.746701,1,3,2,3
1969,1379881502,128.505019,1,3,2,2
1970,1379881503,645.023300,1,4,2,3
1971,1379881504,15.373990,1,1,1,1
1972,1379881505,655.544079,1,2,1,4
1973,1379881506,34.949962,1,1,2,2
1974,1379881507,744.035189,1,4,1,2
1975,1379881508,0.004070,0,3,2,2
1976,1379881509,424.622344,1,2,1,3
1977,1379881510,50.831721,1,1,1,3
1978,1379881511,0.001386,0,4,1,1
1979,1379881512,37.074424,1,1,2,3
1980,1379881513,401.903909,1,2,1,3
1981,1379881514,0.001161,0,3,1,1
1982,1379881515,181.342105,1,3,2,2
1983,1379881516,0.000000,1,1,2,4
1984,1379881517,0.001958,0,2,1,1
1985,1379881518,0.004120,0,3,2,2
1986,1379881519,0.002028,0,4,1,4
1987,1379881520,249.728802,1,4,2,2
1988,1379881521,391.595560,1,1,2,1
1989,1379881522,0.008414,0,2,2,3
1990,1379881523,110.528874,1,4,2,2
1991,1379881524,0.008414,0,2,2,3
1992,1379881525,698.211288,1,2,2,3
1993,1379881526,58.946624,1,1,2,4
1994,1379881527,102.720351,1,4,2,1
1995,1379881528,708.849687,1,1,2,1
1996,1379881529,18.136214,1,1,2,4
1997,1379881530,37.887038,1,4,1,1
1998,1379881531,527.376314,1,1,1,4
1999,1379881532,50.895668,1,1,1,1
2000,1379881533,1075.935272,1,4,1,4
2001,1379881534,155.184595,1,2,1,1
2002,1379881535,941.997086,1,1,2,2
2003,1379881536,637.745181,1,1,1,2
2004,1379881537,38.198868,1,3,1,4
2005,1379881538,110.030451,1,3,1,1
2006,1379881539,15.363212,1,4,1,4
2007,1379881540,845.102631,1,2,1,2
2008,1379881541,658.171782,1,2,2,3
2009,1379881542,654.027405,1,2,1,2
2010,1379881543,45.064232,1,4,1,1
2011,1379881544,1013.040880,1,1,2,1
2012,1379881545,0.000000,1,2,2,4
2013,1379881546,570.663777,1,4,1,3
2014,1379881547,0.001882,0,2,2,4
2015,1379881548,50.437980,1,3,1,1
2016,1379881549,0.000000,1,2,2,4
2017,1379881550,0.008790,0,2,2,3
2018,1379881551,765.274999,1,1,1,4
2019,1379881552,670.345504,1,1,2,1
2020,1379881553,446.038380,1,2,1,2
2021,1379881554,0.001206,0,3,1,1
2022,1379881555,0.067519,1,1,2,2
2023,1379881556,26.138688,1,1,1,3
2024,1379881557,171.575552,1,2,1,1
2025,1379881558,0.000000,1,3,2,1
2026,1379881559,108.199590,1,4,2,1
2027,1379881560,0.000000,1,2,2,4
2028,1379881561,0.002331,0,4,1,4
2029,1379881562,357.276690,1,1,2,1
2030,1379881563,652.067696,1,1,1,2
2031,1379881564,0.002331,0,4,1,4
2032,1379881565,0.002477,0,4,2,2
2033,1379881566,0.001307,0,1,2,2
2034,1379881567,240.373308,1,3,1,3
2035,1379881568,47.521318,1,4,1,1
2036,1379881569,214.007851,1,4,2,4
2037,1379881570,258.631184,1,3,2,4
2038,1379881571,757.468334,1,4,2,3
2039,1379881572,0.000000,1,1,2,3
2040,1379881573,221.854720,1,3,2,4
2041,1379881574,62.080892,1,3,1,1
2042,1379881575,439.506918,1,2,2,2
2043,1379881576,0.002267,0,3,1,2
2044,1379881577,680.767333,1,4,2,3
2045,1379881578,407.457466,1,3,2,3
2046,1379881579,657.213389,1,2,2,3
2047,1379881580,1040.261436,1,1,2,3
2048,1379881581,60.063139,1,1,1,3
2049,1379881582,49.278760,1,2,2,1
2050,1379881583,706.263520,1,3,2,1
2051,1379881584,694.507284,1,2,2,3
2052,1379881585,713.038676,1,4,1,3
2053,1379881586,0.010912,0,1,1,2
2054,1379881587,26.946394,1,1,1,3
2055,1379881588,403.606911,1,3,2,3
2056,1379881589,46.026893,1,1,1,1
2057,1379881590,0.013947,0,2,1,2
2058,1379881591,132.443370,1,3,2,2
2059,1379881592,65.817569,1,2,2,4
2060,1379881593,37.927963,1,2,2,1
2061,1379881594,281.851743,1,2,2,2
2062,1379881595,246.335729,1,2,1,1
2063,1379881596,60.944363,1,1,1,1
2064,1379881597,414.012670,1,3,2,3
2065,1379881598,1599.291729,1,4,1,3
2066,1379881599,652.754507,1,1,1,2
2067,1379881600,0.010187,0,2,1,4
2068,1379881601,0.006638,0,2,2,2
2069,1379881602,877.500417,1,1,2,1
2070,1379881603,13.101074,1,3,2,1
2071,1379881604,0.000000,1,3,1,2
2072,1379881605,0.001223,0,3,1,1
2073,1379881606,213.529002,1,4,2,4
2074,1379881607,373.013913,1,2,2,2
2075,1379881608,821.989177,1,1,2,1
2076,1379881609,35.925449,1,3,1,4
2077,1379881610,770.494260,1,1,1,2
2078,1379881611,513.886609,1,2,2,2
2079,1379881612,0.002331,0,4,1,4
2080,1379881613,140.127722,1,3,2,4
2081,1379881614,849.340149,1,2,2,4
2082,1379881615,0.010863,0,1,2,1
2083,1379881616,162.526612,1,4,2,2
2084,1379881617,59.439010,1,3,1,1
2085,1379881618,76.906085,1,2,2,4
2086,1379881619,593.507594,1,4,1,2
2087,1379881620,137.394142,1,4,1,4
2088,1379881621,727.399589,1,2,1,4
2089,1379881622,0.000000,1,3,1,2
2090,1379881623,0.006885,0,2,2,2
2091,1379881624,0.000748,0,3,1,4
2092,1379881625,0.002903,0,4,2,1
2093,1379881626,1024.098291,1,1,2,1
2094,1379881627,47.796205,1,1,2,3
2095,1379881628,191.656947,1,2,1,1
2096,1379881629,134.199550,1,2,2,4
2097,1379881630,23.130082,1,1,1,1
2098,1379881631,665.030074,1,1,1,2
2099,1379881632,93.235334,1,4,2,2
2100,1379881633,1252.436251,1,3,2,4
2101,1379881634,159.473375,1,2,1,1
2102,1379881635,112.507659,1,4,2,1
2103,1379881636,431.932641,1,2,1,3
2104,1379881637,324.770175,1,2,2,2
2105,1379881638,0.001422,0,4,1,1
2106,1379881639,26.290829,1,3,2,1
2107,1379881640,27.773482,1,4,1,1
2108,1379881641,132.073119,1,4,2,2
2109,1379881642,701.260474,1,2,2,1
2110,1379881643,461.806368,1,1,2,1
2111,1379881644,0.000000,1,3,1,2
2112,1379881645,11.915243,1,1,2,3
2113,1379881646,0.006975,0,2,2,2
2114,1379881647,0.010389,0,2,1,4
2115,1379881648,88.840142,1,4,2,1
2116,1379881649,59.909318,1,1,2,3
2117,1379881650,157.427681,1,3,2,2
2118,1379881651,0.011275,0,1,2,1
2119,1379881652,23.357914,1,3,1,4
2120,1379881653,80.835308,1,3,2,1
2121,1379881654,0.001183,0,1,1,3
2122,1379881655,0.001663,0,1,2,3
2123,1379881656,625.166505,1,1,1,4
2124,1379881657,706.098498,1,1,1,2
2125,1379881658,1147.199656,1,3,2,4
2126,1379881659,40.865914,1,1,2,4
2127,1379881660,54.839620,1,1,1,1
2128,1379881661,90.949348,1,4,2,1
2129,1379881662,14.161699,1,4,1,1
2130,1379881663,123.113828,1,1,2,2
2131,1379881664,56.392556,1,1,2,4
2132,1379881665,445.754329,1,2,1,3
2133,1379881666,41.544925,1,3,1,4
2134,1379881667,165.058524,1,2,1,1
2135,1379881668,0.001434,0,4,1,1
2136,1379881669,0.002585,0,4,2,2
2137,1379881670,202.675238,1,3,2,2
2138,1379881671,205.989253,1,1,2,3
2139,1379881672,53.376370,1,1,2,2
2140,1379881673,267.205045,1,2,2,2
2141,1379881674,371.574737,1,2,2,2
2142,1379881675,38.178401,1,2,2,4
2143,1379881676,146.048558,1,4,2,2
2144,1379881677,128.992141,1,1,2,2
2145,1379881678,731.684901,1,2,1,4
2146,1379881679,100.797624,1,4,1,4
2147,1379881680,0.000000,1,3,2,4
2148,1379881681,27.861153,1,2,2,1
2149,1379881682,650.818470,1,4,1,2
2150,1379881683,643.034590,1,2,2,4
2151,1379881684,673.462916,1,2,2,3
2152,1379881685,0.013947,0,2,1,2
2153,1379881686,32.308568,1,1,1,1
2154,1379881687,0.000766,0,3,1,4
2155,1379881688,576.589906,1,4,2,3
2156,1379881689,1589.884411,1,1,2,1
2157,1379881690,69.202086,1,1,2,2
2158,1379881691,411.269290,1,3,2,3
2159,1379881692,0.008001,0,1,1,4
2160,1379881693,977.182515,1,4,2,2
2161,1379881694,176.862838,1,2,1,1
2162,1379881695,855.964811,1,2,1,2
2163,1379881696,0.000000,1,3,1,2
2164,1379881697,609.710783,1,2,1,4
2165,1379881698,10.017838,1,2,2,1
2166,1379881699,48.138102,1,1,1,3
2167,1379881700,683.163498,1,1,1,4
2168,1379881701,0.922381,1,2,2,1
2169,1379881702,0.005314,0,3,2,3
2170,1379881703,409.682018,1,2,1,3
2171,1379881704,0.002267,0,3,1,2
2172,1379881705,42.699396,1,1,1,1
2173,1379881706,34.024196,1,3,1,4
2174,1379881707,625.258385,1,4,2,3
2175,1379881708,110.090791,1,4,2,4
2176,1379881709,730.387435,1,4,1,2
2177,1379881710,0.000000,1,1,2,2
2178,1379881711,0.001985,0,3,2,1
2179,1379881712,211.812000,1,3,1,2
2180,1379881713,75.315762,1,4,2,1
2181,1379881714,11.626862,1,3,2,1
2182,1379881715,44.973607,1,1,1,1
2183,1379881716,37.685365,1,1,1,1
2184,1379881717,0.006815,0,2,1,3
2185,1379881718,54.710422,1,3,2,4
2186,1379881719,0.009353,0,2,2,3
2187,1379881720,0.002897,0,4,2,2
2188,1379881721,731.804938,1,2,1,4
2189,1379881722,0.005314,0,3,2,3
2190,1379881723,0.000000,1,3,2,1
2191,1379881724,723.962472,1,1,1,2
2192,1379881725,0.006815,0,2,1,3
2193,1379881726,34.630790,1,4,2,2
2194,1379881727,957.816126,1,3,1,4
2195,1379881728,313.553775,1,1,2,3
2196,1379881729,117.360916,1,1,2,3
2197,1379881730,216.868543,1,4,2,4
2198,1379881731,0.004308,0,3,2,4
2199,1379881732,55.683674,1,3,2,1
2200,1379881733,1061.294813,1,1,2,2
2201,1379881734,30.344233,1,3,1,1
2202,1379881735,0.014237,0,4,1,3
2203,1379881736,211.261691,1,2,2,4
2204,1379881737,178.164219,1,4,2,2
2205,1379881738,68.920913,1,2,2,1
2206,1379881739,0.001840,0,1,2,3
2207,1379881740,426.299021,1,2,1,3
2208,1379881741,0.004308,0,3,2,4
2209,1379881742,78.336705,1,4,2,1
2210,1379881743,0.009353,0,2,2,3
2211,1379881744,541.454713,1,1,2,1
2212,1379881745,774.303533,1,1,1,4
2213,1379881746,170.975884,1,3,2,2
2214,1379881747,26.895120,1,2,2,1
2215,1379881748,84.697896,1,4,2,1
2216,1379881749,0.001840,0,1,2,3
2217,1379881750,40.485759,1,1,1,1
2218,1379881751,172.915965,1,4,1,4
2219,1379881752,686.987059,1,1,1,2
2220,1379881753,193.033897,1,2,2,4
2221,1379881754,0.004425,0,3,1,3
2222,1379881755,166.186443,1,4,2,4
2223,1379881756,154.868438,1,3,1,1
2224,1379881757,71.063959,1,4,2,1
2225,1379881758,363.031037,1,2,2,2
2226,1379881759,762.050976,1,1,1,4
2227,1379881760,232.027839,1,3,2,2
2228,1379881761,0.008496,0,4,1,2
2229,1379881762,700.074750,1,2,1,4
2230,1379881763,167.676718,1,2,1,1
2231,1379881764,0.004308,0,3,2,4
2232,1379881765,667.270795,1,2,1,4
2233,1379881766,95.433925,1,1,2,2
2234,1379881767,0.000000,1,3,2,1
2235,1379881768,601.248854,1,4,1,3
2236,1379881769,701.920118,1,1,1,2
2237,1379881770,995.161994,1,1,2,2
2238,1379881771,93.813498,1,3,2,1
2239,1379881772,266.490947,1,4,1,4
2240,1379881773,37.107188,1,4,1,1
2241,1379881774,684.451322,1,2,2,3
2242,1379881775,652.948008,1,2,1,4
2243,1379881776,726.213738,1,4,1,2
2244,1379881777,27.944906,1,2,2,1
2245,1379881778,8.998648,1,1,2,4
2246,1379881779,43.985897,1,2,2,1
2247,1379881780,117.878738,1,3,2,4
2248,1379881781,657.829953,1,4,1,2
2249,1379881782,647.800650,1,1,1,2
2250,1379881783,1484.971721,1,4,1,2
2251,1379881784,141.879979,1,4,2,4
2252,1379881785,85.928326,1,4,2,1
2253,1379881786,642.251842,1,4,1,2
2254,1379881787,60.763656,1,1,2,3
2255,1379881788,0.001197,0,1,1,3
2256,1379881789,112.826724,1,3,1,1
2257,1379881790,487.943112,1,4,1,3
2258,1379881791,51.806438,1,1,1,1
2259,1379881792,57.233726,1,3,1,3
2260,1379881793,409.236870,1,3,2,3
2261,1379881794,56.523499,1,3,2,1
2262,1379881795,0.007253,0,2,2,2
2263,1379881796,431.380256,1,2,2,2
2264,1379881797,0.000000,1,4,1,4
2265,1379881798,738.524352,1,2,1,4
2266,1379881799,0.002519,0,4,1,4
2267,1379881800,623.018185,1,2,1,2
2268,1379881801,0.000000,1,1,2,2
2269,1379881802,260.416738,1,3,1,2
2270,1379881803,0.002356,0,2,1,1
2271,1379881804,85.448593,1,4,2,2
2272,1379881805,86.903311,1,4,2,1
2273,1379881806,685.687119,1,2,2,3
2274,1379881807,208.123511,1,3,2,2
2275,1379881808,31.354719,1,3,2,1
2276,1379881809,748.797810,1,4,1,3
2277,1379881810,227.097321,1,3,1,3
2278,1379881811,24.388785,1,4,1,1
2279,1379881812,703.540028,1,2,1,4
2280,1379881813,30.433323,1,1,1,1
2281,1379881814,413.041904,1,2,1,3
2282,1379881815,570.645169,1,4,2,3
2283,1379881816,591.024866,1,4,1,2
2284,1379881817,0.000000,1,2,2,4
2285,1379881818,221.810136,1,3,2,2
2286,1379881819,710.907858,1,4,1,3
2287,1379881820,0.002979,0,4,2,2
2288,1379881821,124.938744,1,3,1,2
2289,1379881822,342.198154,1,3,1,3
2290,1379881823,0.000000,1,4,1,4
2291,1379881824,763.706420,1,1,1,2
2292,1379881825,89.596532,1,4,2,1
2293,1379881826,34.976581,1,1,1,1
2294,1379881827,60.066100,1,3,1,1
2295,1379881828,204.992130,1,3,2,2
2296,1379881829,45.406803,1,4,1,1
2297,1379881830,0.012318,0,4,2,3
2298,1379881831,0.009733,0,2,2,3
2299,1379881832,0.002979,0,4,2,2
2300,1379881833,858.831034,1,4,2,1
2301,1379881834,36.245027,1,1,1,1
2302,1379881835,0.007373,0,2,2,2
2303,1379881836,0.001339,0,3,1,1
2304,1379881837,1031.461911,1,4,2,4
2305,1379881838,0.005428,0,3,2,3
2306,1379881839,1564.751601,1,4,1,2
2307,1379881840,46.698749,1,1,2,2
2308,1379881841,196.917740,1,4,2,4
2309,1379881842,30.165785,1,1,1,3
2310,1379881843,770.652915,1,4,1,2
2311,1379881844,77.318026,1,1,2,4
2312,1379881845,54.151847,1,1,1,1
2313,1379881846,62.915574,1,1,2,2
2314,1379881847,0.009733,0,2,2,3
2315,1379881848,214.558607,1,3,1,2
2316,1379881849,397.310916,1,2,1,3
2317,1379881850,681.685455,1,1,1,2
2318,1379881851,701.910810,1,2,1,4
2319,1379881852,0.003381,0,4,2,1
2320,1379881853,146.899702,1,2,1,1
2321,1379881854,29.023581,1,1,1,1
2322,1379881855,22.641743,1,1,1,1
2323,1379881856,132.206077,1,4,2,4
2324,1379881857,582.009616,1,4,1,2
2325,1379881858,0.001205,0,1,1,3
2326,1379881859,0.000000,1,4,2,2
2327,1379881860,46.413567,1,3,2,1
2328,1379881861,644.782844,1,4,1,2
2329,1379881862,1179.514373,1,4,2,1
2330,1379881863,723.527551,1,2,1,2
2331,1379881864,37.623466,1,3,1,4
2332,1379881865,219.120420,1,3,2,2
2333,1379881866,40.952728,1,4,1,1
2334,1379881867,0.007158,0,2,1,3
2335,1379881868,35.204220,1,3,1,4
2336,1379881869,39.764630,1,1,2,3
2337,1379881870,0.000000,1,3,2,1
2338,1379881871,989.036172,1,4,2,1
2339,1379881872,635.245509,1,1,1,2
2340,1379881873,799.588237,1,4,2,3
2341,1379881874,596.142192,1,1,1,4
2342,1379881875,50.531253,1,3,1,1
2343,1379881876,112.658377,1,1,2,2
2344,1379881877,700.779705,1,2,2,3
2345,1379881878,63.910298,1,1,2,2
2346,1379881879,0.001205,0,1,1,3
2347,1379881880,0.005428,0,3,2,3
2348,1379881881,64.957888,1,1,2,4
2349,1379881882,186.793981,1,4,1,4
2350,1379881883,885.315501,1,2,1,1
2351,1379881884,438.600657,1,2,1,3
2352,1379881885,49.561233,1,1,2,2
2353,1379881886,472.328042,1,1,2,1
2354,1379881887,726.266749,1,2,1,4
2355,1379881888,24.868603,1,1,1,1
2356,1379881889,0.000000,1,2,2,4
2357,1379881890,30.070067,1,1,1,3
2358,1379881891,0.000000,1,3,1,2
2359,1379881892,333.355595,1,3,1,3
2360,1379881893,0.007280,0,2,1,3
2361,1379881894,12.064478,1,4,1,1
2362,1379881895,1158.154605,1,2,2,2
2363,1379881896,0.001356,0,2,2,1
2364,1379881897,26.164425,1,1,1,3
2365,1379881898,247.509400,1,3,1,3
2366,1379881899,111.752089,1,3,2,2
2367,1379881900,0.001221,0,1,1,3
2368,1379881901,64.074423,1,3,2,1
2369,1379881902,0.007695,0,2,2,2
2370,1379881903,169.667797,1,3,2,2
2371,1379881904,674.305297,1,2,1,4
2372,1379881905,28.253719,1,3,2,4
2373,1379881906,0.010625,0,4,1,2
2374,1379881907,663.287954,1,4,1,2
2375,1379881908,122.710651,1,2,1,1
2376,1379881909,706.156716,1,2,1,4
2377,1379881910,0.002496,0,2,2,4
2378,1379881911,713.082202,1,2,1,4
2379,1379881912,62.840438,1,1,1,1
2380,1379881913,99.718319,1,3,1,1
2381,1379881914,458.929124,1,2,1,3
2382,1379881915,43.824706,1,3,2,1
2383,1379881916,19.990902,1,2,2,1
2384,1379881917,23.271320,1,3,1,2
2385,1379881918,57.897312,1,4,2,2
2386,1379881919,75.279328,1,3,1,1
2387,1379881920,50.653741,1,3,1,4
2388,1379881921,705.372509,1,2,1,2
2389,1379881922,765.339718,1,1,1,4
2390,1379881923,79.885039,1,4,2,1
2391,1379881924,330.125716,1,3,1,3
2392,1379881925,0.001361,0,2,2,1
2393,1379881926,925.472675,1,2,1,2
2394,1379881927,642.126024,1,4,1,2
2395,1379881928,113.818987,1,3,1,3
2396,1379881929,203.476024,1,4,2,4
2397,1379881930,445.922223,1,1,2,1
2398,1379881931,784.273684,1,2,1,2
2399,1379881932,0.004348,0,3,2,4
2400,1379881933,1013.097099,1,4,2,1
2401,1379881934,437.827508,1,2,1,3
2402,1379881935,438.404831,1,3,2,3
2403,1379881936,58.267715,1,3,1,4
2404,1379881937,254.965999,1,4,2,2
2405,1379881938,140.507830,1,4,2,4
2406,1379881939,48.118157,1,3,1,4
2407,1379881940,307.733271,1,3,2,2
2408,1379881941,182.300504,1,2,1,1
2409,1379881942,0.013033,0,1,1,2
2410,1379881943,0.001478,0,4,1,1
2411,1379881944,0.012541,0,4,2,3
2412,1379881945,744.602248,1,1,1,2
2413,1379881946,3.074831,1,3,1,4
2414,1379881947,32.214907,1,4,1,1
2415,1379881948,159.049047,1,2,1,1
2416,1379881949,60.575322,1,4,1,1
2417,1379881950,226.355627,1,3,1,2
2418,1379881951,1036.872965,1,2,2,1
2419,1379881952,316.487311,1,3,2,4
2420,1379881953,558.440984,1,4,1,3
2421,1379881954,42.441922,1,1,1,1
2422,1379881955,111.461883,1,3,1,1
2423,1379881956,166.461528,1,4,1,4
2424,1379881957,0.001221,0,1,1,3
2425,1379881958,813.776890,1,4,1,3
2426,1379881959,0.008995,0,1,1,4
2427,1379881960,769.652703,1,1,1,2
2428,1379881961,34.516936,1,4,1,1
2429,1379881962,0.012123,0,1,2,1
2430,1379881963,0.000000,1,2,2,4
2431,1379881964,0.012905,0,2,1,4
2432,1379881965,0.000000,1,3,1,2
2433,1379881966,49.542653,1,3,2,1
2434,1379881967,674.673581,1,2,2,3
2435,1379881968,33.576332,1,1,1,1
2436,1379881969,857.168586,1,1,2,2
2437,1379881970,149.845899,1,3,2,4
2438,1379881971,661.663293,1,4,1,3
2439,1379881972,74.475326,1,1,2,2
2440,1379881973,0.005549,0,3,2,3
2441,1379881974,0.000000,1,3,2,1
2442,1379881975,675.751428,1,2,1,2
2443,1379881976,157.122003,1,3,2,4
2444,1379881977,123.827253,1,2,2,4
2445,1379881978,0.004770,0,3,2,2
2446,1379881979,867.834150,1,2,1,2
2447,1379881980,675.908712,1,2,2,3
2448,1379881981,8.205430,1,3,1,3
2449,1379881982,759.655039,1,1,1,4
2450,1379881983,1290.684816,1,1,2,1
2451,1379881984,0.002111,0,3,2,1
2452,1379881985,469.724546,1,2,1,2
2453,1379881986,41.069105,1,2,2,1
2454,1379881987,797.263105,1,1,2,1
2455,1379881988,0.000000,1,2,2,1
2456,1379881989,45.714725,1,1,1,3
2457,1379881990,0.013454,0,1,1,2
2458,1379881991,115.903586,1,4,2,4
2459,1379881992,725.993317,1,1,1,2
2460,1379881993,0.000000,1,1,2,3
2461,1379881994,88.833941,1,3,1,1
2462,1379881995,113.960136,1,4,2,2
2463,1379881996,715.048512,1,1,1,4
2464,1379881997,607.896802,1,1,2,1
2465,1379881998,0.000000,1,2,2,4
2466,1379881999,349.917959,1,2,2,4
2467,1379882000,743.766169,1,2,1,4
2468,1379882001,671.779381,1,2,2,3
2469,1379882002,112.538048,1,3,2,4
2470,1379882003,0.015789,0,2,1,2
2471,1379882004,892.727682,1,2,1,2
2472,1379882005,703.858979,1,1,1,4
2473,1379882006,0.002617,0,4,1,4
2474,1379882007,550.549624,1,2,2,2
2475,1379882008,413.327977,1,2,1,3
2476,1379882009,604.478655,1,2,1,2
2477,1379882010,57.590984,1,3,1,4
2478,1379882011,47.535637,1,1,1,3
2479,1379882012,621.625313,1,4,1,3
2480,1379882013,43.221205,1,3,1,4
2481,1379882014,0.000000,1,4,1,4
2482,1379882015,0.009600,0,1,1,4
2483,1379882016,8.684714,1,1,2,2
2484,1379882017,0.000000,1,1,2,3
2485,1379882018,742.506370,1,2,1,2
2486,1379882019,866.072714,1,1,1,3
2487,1379882020,670.390020,1,1,1,2
2488,1379882021,29.843778,1,1,2,2
2489,1379882022,116.069206,1,3,1,2
2490,1379882023,44.460219,1,1,1,1
2491,1379882024,0.015683,0,4,1,3
2492,1379882025,75.167052,1,4,2,1
2493,1379882026,0.005549,0,3,2,3
2494,1379882027,115.252448,1,4,1,4
2495,1379882028,0.004308,0,4,2,1
2496,1379882029,0.000000,1,2,2,4
2497,1379882030,616.776221,1,1,1,4
2498,1379882031,270.957513,1,4,1,4
2499,1379882032,0.002111,0,3,2,1
2500,1379882033,692.261187,1,3,2,1
2501,1379882034,113.246373,1,2,1,1
2502,1379882035,36.508121,1,3,2,1
2503,1379882036,106.439890,1,3,1,1
2504,1379882037,831.434851,1,1,1,4
2505,1379882038,58.070459,1,4,2,1
2506,1379882039,699.624559,1,2,1,4
2507,1379882040,161.390914,1,3,2,2
2508,1379882041,1083.279079,1,3,1,4
2509,1379882042,38.092401,1,3,1,1
2510,1379882043,244.186735,1,1,2,3
2511,1379882044,135.627399,1,4,1,4
2512,1379882045,0.001514,0,4,1,1
2513,1379882046,211.118438,1,4,1,4
2514,1379882047,715.487067,1,4,1,2
2515,1379882048,704.323692,1,1,1,2
2516,1379882049,0.013306,0,2,1,4
2517,1379882050,0.001487,0,1,1,3
2518,1379882051,0.002594,0,3,1,2
2519,1379882052,1081.704237,1,2,2,2
2520,1379882053,1006.798687,1,2,2,1
2521,1379882054,125.301759,1,2,2,4
2522,1379882055,233.599708,1,3,2,2
2523,1379882056,39.605464,1,4,2,2
2524,1379882057,43.077401,1,4,1,1
2525,1379882058,215.309006,1,2,1,1
2526,1379882059,100.061641,1,4,2,1
2527,1379882060,569.327063,1,4,1,2
2528,1379882061,738.406316,1,2,1,4
2529,1379882062,55.293813,1,3,1,4
2530,1379882063,0.010003,0,1,1,4
2531,1379882064,0.001902,0,1,2,4
2532,1379882065,743.311661,1,4,1,2
2533,1379882066,15.725814,1,3,1,1
2534,1379882067,75.012128,1,1,1,1
2535,1379882068,741.766426,1,4,2,1
2536,1379882069,676.184955,1,4,2,3
2537,1379882070,5.136752,1,1,2,3
2538,1379882071,412.715472,1,2,1,3
2539,1379882072,393.288495,1,3,2,3
2540,1379882073,123.669556,1,4,1,4
2541,1379882074,71.085212,1,1,2,2
2542,1379882075,627.638500,1,2,1,4
2543,1379882076,663.243366,1,4,1,3
2544,1379882077,0.000000,1,1,2,4
2545,1379882078,0.000000,1,1,2,3
2546,1379882079,0.012728,0,4,2,3
2547,1379882080,768.967972,1,1,2,1
2548,1379882081,45.005290,1,1,1,3
2549,1379882082,400.867430,1,3,2,3
2550,1379882083,925.265414,1,1,2,3
2551,1379882084,482.124584,1,2,2,2
2552,1379882085,177.556961,1,1,2,3
2553,1379882086,44.779474,1,2,2,4
2554,1379882087,140.715554,1,3,2,2
2555,1379882088,5.772968,1,3,2,1
2556,1379882089,609.259643,1,1,2,1
2557,1379882090,0.000000,1,1,2,3
2558,1379882091,161.879514,1,4,2,4
2559,1379882092,129.116635,1,3,1,2
2560,1379882093,0.000000,1,4,2,2
2561,1379882094,0.000763,0,1,1,1
2562,1379882095,40.885122,1,3,1,3
2563,1379882096,0.001502,0,3,1,1
2564,1379882097,971.374829,1,3,1,1
2565,1379882098,598.279095,1,4,1,3
2566,1379882099,667.587871,1,2,1,4
2567,1379882100,681.085210,1,4,1,3
2568,1379882101,0.004558,0,4,2,1
2569,1379882102,53.813603,1,3,2,1
2570,1379882103,0.002243,0,1,2,3
2571,1379882104,92.768982,1,4,1,4
2572,1379882105,0.012728,0,4,2,3
2573,1379882106,0.000763,0,1,1,1
2574,1379882107,62.909459,1,4,1,1
2575,1379882108,928.822092,1,1,2,1
2576,1379882109,744.828762,1,1,1,4
2577,1379882110,713.848678,1,1,1,2
2578,1379882111,23.977028,1,3,1,4
2579,1379882112,163.820729,1,3,2,4
2580,1379882113,263.648469,1,1,2,3
2581,1379882114,48.945993,1,2,2,1
2582,1379882115,99.925258,1,4,2,2
2583,1379882116,942.768099,1,4,2,4
2584,1379882117,710.888271,1,1,1,4
2585,1379882118,241.639320,1,1,2,3
2586,1379882119,101.522435,1,2,2,4
2587,1379882120,709.274570,1,4,2,3
2588,1379882121,30.830850,1,1,2,2
2589,1379882122,0.016223,0,4,1,3
2590,1379882123,58.591844,1,3,2,1
2591,1379882124,91.392357,1,4,2,1
2592,1379882125,43.889484,1,1,2,4
2593,1379882126,22.299013,1,2,2,1
2594,1379882127,689.607744,1,2,2,3
2595,1379882128,58.624785,1,3,2,1
2596,1379882129,23.521890,1,1,2,2
2597,1379882130,208.793015,1,4,2,4
2598,1379882131,93.498642,1,4,2,1
2599,1379882132,58.541499,1,3,1,1
2600,1379882133,1499.919777,1,2,1,4
2601,1379882134,18.244268,1,3,2,1
2602,1379882135,0.000000,1,3,1,2
2603,1379882136,237.569885,1,3,1,3
2604,1379882137,181.998164,1,3,2,4
2605,1379882138,130.444264,1,4,2,2
2606,1379882139,1023.068023,1,2,2,4
2607,1379882140,686.740144,1,2,2,3
2608,1379882141,28.770066,1,1,1,1
2609,1379882142,56.434789,1,1,1,1
2610,1379882143,0.004963,0,3,1,3
2611,1379882144,277.664591,1,3,1,2
2612,1379882145,0.000000,1,3,2,1
2613,1379882146,42.169169,1,1,1,3
2614,1379882147,0.000000,1,2,2,4
2615,1379882148,0.000000,1,3,2,4
2616,1379882149,203.807486,1,2,1,1
2617,1379882150,467.213028,1,3,2,3
2618,1379882151,167.404743,1,4,1,4
2619,1379882152,0.002368,0,3,2,1
2620,1379882153,0.001914,0,1,2,4
2621,1379882154,890.189279,1,4,1,2
2622,1379882155,692.895601,1,2,2,3
2623,1379882156,88.690798,1,3,1,1
2624,1379882157,116.065096,1,4,2,1
2625,1379882158,1215.536581,1,3,1,3
2626,1379882159,898.840408,1,2,1,2
2627,1379882160,43.490937,1,3,1,2
2628,1379882161,155.141915,1,3,1,3
2629,1379882162,863.198444,1,4,1,1
2630,1379882163,54.034460,1,1,1,1
2631,1379882164,0.016661,0,2,1,2
2632,1379882165,401.835653,1,2,1,3
2633,1379882166,109.810923,1,4,1,4
2634,1379882167,436.658314,1,3,2,3
2635,1379882168,737.140708,1,1,1,4
2636,1379882169,720.502707,1,4,1,3
2637,1379882170,0.000000,1,4,1,4
2638,1379882171,6.391052,1,1,2,2
2639,1379882172,0.000000,1,1,2,2
2640,1379882173,628.498833,1,4,1,2
2641,1379882174,53.361868,1,4,1,4
2642,1379882175,403.324405,1,3,2,3
2643,1379882176,0.001457,0,3,1,4
2644,1379882177,196.315977,1,2,2,4
2645,1379882178,668.964990,1,1,1,2
2646,1379882179,0.000000,1,4,2,2
2647,1379882180,47.028942,1,3,1,3
2648,1379882181,1724.758294,1,1,1,2
2649,1379882182,23.214871,1,4,1,1
2650,1379882183,862.196952,1,3,2,1
2651,1379882184,256.164668,1,3,2,4
2652,1379882185,89.669346,1,4,2,1
2653,1379882186,390.358796,1,2,2,2
2654,1379882187,165.176592,1,4,2,4
2655,1379882188,639.854289,1,4,1,3
2656,1379882189,201.032204,1,4,2,4
2657,1379882190,93.539819,1,4,2,1
2658,1379882191,22.298206,1,3,2,1
2659,1379882192,91.754988,1,4,2,1
2660,1379882193,0.011973,0,4,1,2
2661,1379882194,0.001512,0,1,1,3
2662,1379882195,0.001914,0,1,2,4
2663,1379882196,101.037136,1,4,2,1
2664,1379882197,242.526409,1,4,2,2
2665,1379882198,0.000000,1,1,2,2
2666,1379882199,92.138734,1,4,2,4
2667,1379882200,597.955523,1,1,1,4
2668,1379882201,200.982481,1,2,1,1
2669,1379882202,563.426232,1,1,1,4
2670,1379882203,0.000000,1,1,2,4
2671,1379882204,660.956895,1,1,1,2
2672,1379882205,461.841490,1,3,2,3
2673,1379882206,394.950287,1,2,2,2
2674,1379882207,716.547458,1,2,1,2
2675,1379882208,696.758411,1,2,2,3
2676,1379882209,0.016600,0,4,1,3
2677,1379882210,0.013512,0,1,2,1
2678,1379882211,396.188012,1,3,2,4
2679,1379882212,697.461173,1,4,1,2
2680,1379882213,631.782697,1,1,1,2
2681,1379882214,423.346168,1,3,2,3
2682,1379882215,106.134658,1,3,1,2
2683,1379882216,0.005081,0,4,2,4
2684,1379882217,228.649248,1,3,2,4
2685,1379882218,0.000000,1,4,2,2
2686,1379882219,793.837347,1,1,1,4
2687,1379882220,98.121275,1,4,2,1
2688,1379882221,83.929274,1,1,2,4
2689,1379882222,0.000000,1,1,2,3
2690,1379882223,0.015259,0,1,1,2
2691,1379882224,22.637806,1,1,2,2
2692,1379882225,0.000000,1,3,1,2
2693,1379882226,1125.482171,1,1,2,2
2694,1379882227,0.015259,0,1,1,2
2695,1379882228,693.299859,1,4,2,3
2696,1379882229,929.238965,1,1,2,1
2697,1379882230,163.056455,1,4,2,4
2698,1379882231,433.384630,1,3,2,4
2699,1379882232,495.310518,1,1,2,1
2700,1379882233,1720.764926,1,1,2,1
2701,1379882234,69.601985,1,3,2,1
2702,1379882235,673.016748,1,2,2,3
2703,1379882236,843.629607,1,1,1,4
2704,1379882237,0.002749,0,3,1,2
2705,1379882238,461.426166,1,1,2,1
2706,1379882239,666.223294,1,4,1,3
2707,1379882240,111.733307,1,4,2,1
2708,1379882241,84.497319,1,3,1,1
2709,1379882242,0.011445,0,2,2,3
2710,1379882243,31.553665,1,4,1,1
2711,1379882244,1.105817,1,4,1,1
2712,1379882245,33.286444,1,3,1,1
2713,1379882246,0.001960,0,2,2,1
2714,1379882247,0.005014,0,3,2,4
2715,1379882248,432.354951,1,2,1,3
2716,1379882249,149.085729,1,4,2,4
2717,1379882250,194.189176,1,3,2,2
2718,1379882251,7.852435,1,1,2,2
2719,1379882252,0.000000,1,3,2,4
2720,1379882253,707.831015,1,1,1,2
2721,1379882254,753.571116,1,4,2,3
2722,1379882255,50.453936,1,4,1,1
2723,1379882256,0.001845,0,3,1,1
2724,1379882257,0.000802,0,1,1,1
2725,1379882258,0.003240,0,4,2,2
2726,1379882259,690.422608,1,1,2,1
2727,1379882260,142.214436,1,3,1,3
2728,1379882261,124.242909,1,3,1,3
2729,1379882262,99.430395,1,4,2,1
2730,1379882263,0.006379,0,3,2,3
2731,1379882264,169.744189,1,3,2,2
2732,1379882265,617.338516,1,4,2,3
2733,1379882266,404.910919,1,2,1,3
2734,1379882267,19.605160,1,3,2,1
2735,1379882268,399.892623,1,2,1,3
2736,1379882269,226.081302,1,3,2,2
2737,1379882270,859.181457,1,2,1,2
2738,1379882271,70.420221,1,1,2,4
2739,1379882272,120.927245,1,3,1,1
2740,1379882273,0.016786,0,4,1,3
2741,1379882274,32.817992,1,2,2,1
2742,1379882275,691.698631,1,1,1,4
2743,1379882276,290.474801,1,2,2,2
2744,1379882277,78.081539,1,3,1,1
2745,1379882278,0.002975,0,2,1,1
2746,1379882279,0.011445,0,2,2,3
2747,1379882280,0.001512,0,1,1,3
2748,1379882281,465.862202,1,2,2,2
2749,1379882282,5.624378,1,4,1,4
2750,1379882283,1013.359207,1,4,1,1
2751,1379882284,0.005431,0,3,1,3
2752,1379882285,0.000000,1,2,2,4
2753,1379882286,34.064331,1,1,1,3
2754,1379882287,0.015456,0,1,1,2
2755,1379882288,385.901376,1,2,1,3
2756,1379882289,0.001969,0,2,2,1
2757,1379882290,116.224250,1,3,1,3
2758,1379882291,25.563865,1,1,1,3
2759,1379882292,29.927605,1,1,1,1
2760,1379882293,1397.638121,1,4,1,2
2761,1379882294,0.001901,0,3,1,1
2762,1379882295,3.153661,1,3,2,4
2763,1379882296,45.725692,1,2,2,1
2764,1379882297,0.002384,0,1,2,3
2765,1379882298,21.810017,1,1,2,4
2766,1379882299,759.571117,1,1,1,2
2767,1379882300,42.158692,1,4,1,1
2768,1379882301,78.553911,1,1,2,4
2769,1379882302,178.245085,1,3,2,2
2770,1379882303,431.554792,1,3,2,3
2771,1379882304,0.000000,1,4,2,2
2772,1379882305,127.222960,1,4,2,2
2773,1379882306,34.307711,1,3,1,4
2774,1379882307,699.693184,1,4,2,3
2775,1379882308,641.658014,1,4,2,3
2776,1379882309,73.606981,1,3,1,1
2777,1379882310,155.497064,1,2,1,1
2778,1379882311,0.006499,0,3,2,3
2779,1379882312,0.011581,0,1,1,4
2780,1379882313,148.524286,1,3,1,1
2781,1379882314,0.001982,0,2,2,1
2782,1379882315,135.537873,1,3,2,2
2783,1379882316,0.004832,0,4,2,1
2784,1379882317,17.172066,1,4,1,1
2785,1379882318,0.000000,1,1,2,4
2786,1379882319,664.973611,1,2,2,3
2787,1379882320,816.252497,1,4,2,3
2788,1379882321,24.390723,1,1,2,4
2789,1379882322,755.710837,1,4,2,3
2790,1379882323,250.125785,1,3,2,4
2791,1379882324,69.085868,1,3,1,4
2792,1379882325,72.927705,1,4,2,2
2793,1379882326,669.094501,1,1,1,2
2794,1379882327,41.305599,1,3,1,4
2795,1379882328,246.134903,1,4,2,4
2796,1379882329,16.950937,1,1,1,1
2797,1379882330,346.141953,1,3,2,4
2798,1379882331,0.002749,0,3,1,2
2799,1379882332,689.031327,1,1,1,2
2800,1379882333,1681.237834,1,1,1,4
2801,1379882334,162.373198,1,4,2,2
2802,1379882335,684.561086,1,2,2,3
2803,1379882336,0.006499,0,3,2,3
2804,1379882337,34.831818,1,3,1,4
2805,1379882338,127.999193,1,4,1,4
2806,1379882339,959.019538,1,2,2,1
2807,1379882340,0.000000,1,2,2,4
2808,1379882341,32.100235,1,3,2,1
2809,1379882342,9.644051,1,4,1,1
2810,1379882343,6.576416,1,4,1,4
2811,1379882344,0.012555,0,4,1,2
2812,1379882345,0.001962,0,3,1,1
2813,1379882346,476.859827,1,2,2,2
2814,1379882347,411.054088,1,3,2,3
2815,1379882348,437.233910,1,2,1,3
2816,1379882349,0.001528,0,1,1,3
2817,1379882350,0.002647,0,3,2,1
2818,1379882351,451.033900,1,2,1,3
2819,1379882352,283.039680,1,3,1,2
2820,1379882353,22.562632,1,1,2,2
2821,1379882354,219.938968,1,2,1,1
2822,1379882355,21.432221,1,1,2,4
2823,1379882356,0.005463,0,3,1,3
2824,1379882357,87.542396,1,4,2,1
2825,1379882358,449.890165,1,2,1,3
2826,1379882359,0.006613,0,3,2,3
2827,1379882360,147.876354,1,3,2,2
2828,1379882361,674.296190,1,1,2,1
2829,1379882362,99.585293,1,3,1,1
2830,1379882363,0.001990,0,3,1,1
2831,1379882364,22.390704,1,1,1,1
2832,1379882365,222.577770,1,3,2,2
2833,1379882366,239.726925,1,4,2,4
2834,1379882367,0.002248,0,2,2,1
2835,1379882368,362.451876,1,2,2,2
2836,1379882369,658.156322,1,4,1,2
2837,1379882370,615.682682,1,1,1,4
2838,1379882371,0.012738,0,4,1,2
2839,1379882372,0.005273,0,3,2,2
2840,1379882373,220.026043,1,4,2,4
2841,1379882374,427.469003,1,3,2,3
2842,1379882375,406.638526,1,3,1,3
2843,1379882376,13.050601,1,4,2,2
2844,1379882377,92.889055,1,4,2,1
2845,1379882378,695.628492,1,1,1,2
2846,1379882379,789.197187,1,3,1,4
2847,1379882380,0.008944,0,2,2,2
2848,1379882381,34.044607,1,3,1,4
2849,1379882382,0.014287,0,2,1,4
2850,1379882383,997.880186,1,4,1,4
2851,1379882384,20.174171,1,4,1,1
2852,1379882385,820.479539,1,4,1,3
2853,1379882386,413.305756,1,3,1,2
2854,1379882387,705.175953,1,2,2,3
2855,1379882388,0.003080,0,2,1,1
2856,1379882389,19.623897,1,2,2,1
2857,1379882390,897.870606,1,1,2,1
2858,1379882391,727.497962,1,4,2,3
2859,1379882392,145.864535,1,3,2,2
2860,1379882393,657.684840,1,4,2,3
2861,1379882394,0.001990,0,3,1,1
2862,1379882395,0.000000,1,3,2,1
2863,1379882396,98.623642,1,3,1,1
2864,1379882397,243.632765,1,4,2,2
2865,1379882398,675.752036,1,1,1,4
2866,1379882399,23.120701,1,2,2,1
2867,1379882400,2.519499,1,3,1,4
2868,1379882401,11.773419,1,3,2,1
2869,1379882402,0.002735,0,1,2,2
2870,1379882403,676.875040,1,4,1,3
2871,1379882404,0.000000,1,2,2,4
2872,1379882405,208.341870,1,3,2,4
2873,1379882406,435.085917,1,2,1,3
2874,1379882407,58.886099,1,4,2,2
2875,1379882408,0.000000,1,3,2,1
2876,1379882409,144.801843,1,2,1,1
2877,1379882410,764.524655,1,4,1,3
2878,1379882411,46.494185,1,2,2,1
2879,1379882412,11.603523,1,4,2,2
2880,1379882413,183.704988,1,3,2,4
2881,1379882414,166.089107,1,4,2,4
2882,1379882415,0.012016,0,2,2,3
2883,1379882416,86.480008,1,3,1,1
2884,1379882417,425.271524,1,2,2,2
2885,1379882418,152.589663,1,4,2,4
2886,1379882419,0.002273,0,2,2,1
2887,1379882420,217.227633,1,4,1,4
2888,1379882421,43.087755,1,1,1,1
2889,1379882422,103.913414,1,4,2,1
2890,1379882423,297.886212,1,3,1,2
2891,1379882424,58.518028,1,3,1,4
2892,1379882425,0.003349,0,4,1,4
2893,1379882426,404.955031,1,2,1,3
2894,1379882427,847.420029,1,2,1,2
2895,1379882428,474.569825,1,4,2,3
2896,1379882429,701.689215,1,1,1,2
2897,1379882430,214.932054,1,3,2,4
2898,1379882431,39.528339,1,1,1,1
2899,1379882432,76.710596,1,3,2,1
2900,1379882433,837.452049,1,3,1,2
2901,1379882434,897.911449,1,3,2,2
2902,1379882435,283.644185,1,4,1,4
2903,1379882436,0.014287,0,2,1,4
2904,1379882437,31.069552,1,1,2,2
2905,1379882438,22.931638,1,1,1,3
2906,1379882439,619.301483,1,1,1,4
2907,1379882440,863.761221,1,3,2,4
2908,1379882441,452.705263,1,2,2,2
2909,1379882442,42.164892,1,1,1,1
2910,1379882443,19.882368,1,4,1,1
2911,1379882444,725.926013,1,4,1,3
2912,1379882445,645.866394,1,2,1,4
2913,1379882446,57.084209,1,1,2,3
2914,1379882447,0.009187,0,2,2,2
2915,1379882448,403.832780,1,2,1,3
2916,1379882449,28.541784,1,1,1,3
2917,1379882450,207.989860,1,4,1,4
2918,1379882451,398.013519,1,3,2,3
2919,1379882452,34.912691,1,1,2,2
2920,1379882453,29.141018,1,1,2,4
2921,1379882454,771.851499,1,4,1,3
2922,1379882455,799.779139,1,1,1,1
2923,1379882456,143.696273,1,3,2,4
2924,1379882457,0.002124,0,4,1,1
2925,1379882458,0.003120,0,2,1,1
2926,1379882459,0.005629,0,3,2,4
2927,1379882460,0.000000,1,2,2,4
2928,1379882461,1124.734892,1,3,2,1
2929,1379882462,733.588299,1,1,1,2
2930,1379882463,96.279229,1,4,2,1
2931,1379882464,0.009039,0,2,1,3
2932,1379882465,41.914342,1,1,2,2
2933,1379882466,0.012016,0,2,2,3
2934,1379882467,0.002400,0,1,2,3
2935,1379882468,0.003258,0,3,1,2
2936,1379882469,539.161486,1,4,2,3
2937,1379882470,51.349295,1,4,1,1
2938,1379882471,559.577483,1,2,1,2
2939,1379882472,46.182074,1,1,2,2
2940,1379882473,47.416799,1,1,1,1
2941,1379882474,46.329056,1,2,2,1
2942,1379882475,0.004938,0,4,2,1
2943,1379882476,483.496591,1,4,1,2
2944,1379882477,0.000000,1,3,1,2
2945,1379882478,752.338330,1,4,2,3
2946,1379882479,23.021304,1,1,2,2
2947,1379882480,701.640997,1,4,1,3
2948,1379882481,114.166545,1,1,2,3
2949,1379882482,0.009039,0,2,1,3
2950,1379882483,1764.985798,1,4,1,2
2951,1379882484,51.115102,1,2,2,1
2952,1379882485,430.951756,1,3,2,3
2953,1379882486,0.000000,1,3,1,2
2954,1379882487,775.927245,1,1,1,4
2955,1379882488,176.234411,1,3,1,3
2956,1379882489,419.131057,1,2,1,3
2957,1379882490,0.002042,0,3,1,1
2958,1379882491,780.932338,1,4,1,2
2959,1379882492,0.000000,1,1,2,3
2960,1379882493,29.465123,1,3,2,1
2961,1379882494,18.214891,1,1,1,1
2962,1379882495,0.013579,0,4,1,2
2963,1379882496,846.280851,1,4,1,3
2964,1379882497,128.743811,1,2,1,1
2965,1379882498,645.833286,1,2,1,4
2966,1379882499,659.051907,1,4,2,3
2967,1379882500,186.661779,1,3,2,2
2968,1379882501,73.799828,1,3,2,1
2969,1379882502,168.457965,1,2,1,1
2970,1379882503,0.018260,0,4,1,3
2971,1379882504,0.002784,0,1,2,2
2972,1379882505,782.746099,1,1,1,2
2973,1379882506,620.509135,1,4,1,3
2974,1379882507,428.473793,1,3,2,3
2975,1379882508,680.269370,1,4,1,2
2976,1379882509,0.003432,0,4,2,2
2977,1379882510,20.613397,1,4,1,4
2978,1379882511,520.445441,1,4,2,3
2979,1379882512,7.051250,1,3,2,1
2980,1379882513,0.012795,0,1,1,4
2981,1379882514,0.000000,1,4,2,2
2982,1379882515,651.209728,1,1,1,2
2983,1379882516,0.005625,0,3,1,3
2984,1379882517,137.136501,1,4,1,4
2985,1379882518,410.907760,1,3,2,3
2986,1379882519,647.072527,1,4,1,2
2987,1379882520,1594.800548,1,2,2,3
2988,1379882521,189.576842,1,3,2,2
2989,1379882522,377.705422,1,2,2,2
2990,1379882523,747.077073,1,2,1,2
2991,1379882524,95.709317,1,3,2,4
2992,1379882525,46.287099,1,3,2,1
2993,1379882526,43.293009,1,3,2,1
2994,1379882527,657.807087,1,1,1,2
2995,1379882528,0.000000,1,2,2,4
2996,1379882529,21.217447,1,4,1,1
2997,1379882530,76.212323,1,4,2,1
2998,1379882531,227.509845,1,3,2,4
2999,1379882532,545.006734,1,4,2,3
3000,1379882533,764.304970,1,2,2,1
3001,1379882534,0.012459,0,2,2,3
3002,1379882535,32.684624,1,1,1,3
3003,1379882536,1059.189950,1,4,1,1
3004,1379882537,0.000000,1,2,2,4
3005,1379882538,669.462415,1,2,2,3
3006,1379882539,175.320575,1,2,1,1
3007,1379882540,758.806790,1,1,2,3
3008,1379882541,112.407507,1,3,1,1
3009,1379882542,724.137274,1,1,1,2
3010,1379882543,0.003530,0,4,1,4
3011,1379882544,0.007195,0,3,2,3
3012,1379882545,0.003432,0,4,2,2
3013,1379882546,248.058041,1,2,2,4
3014,1379882547,48.066713,1,3,2,1
3015,1379882548,30.129405,1,2,2,1
3016,1379882549,0.013948,0,4,1,2
3017,1379882550,49.377199,1,1,1,3
3018,1379882551,0.002521,0,2,2,1
3019,1379882552,0.003530,0,4,1,4
3020,1379882553,0.000000,1,1,2,2
3021,1379882554,15.608465,1,4,2,2
3022,1379882555,142.076349,1,3,2,4
3023,1379882556,815.863217,1,4,1,2
3024,1379882557,0.014646,0,2,1,4
3025,1379882558,272.452687,1,3,1,3
3026,1379882559,684.855203,1,1,1,2
3027,1379882560,6.192306,1,1,2,3
3028,1379882561,118.481900,1,3,1,3
3029,1379882562,0.000000,1,2,2,4
3030,1379882563,48.104444,1,1,1,1
3031,1379882564,0.000000,1,1,2,4
3032,1379882565,91.270679,1,3,1,2
3033,1379882566,130.665228,1,3,1,1
3034,1379882567,428.210668,1,3,2,3
3035,1379882568,583.633989,1,4,2,3
3036,1379882569,733.885656,1,2,1,2
3037,1379882570,422.345857,1,3,2,3
3038,1379882571,30.500573,1,3,1,3
3039,1379882572,0.000000,1,4,2,2
3040,1379882573,115.297818,1,4,2,1
3041,1379882574,104.056357,1,4,2,1
3042,1379882575,738.347095,1,2,1,4
3043,1379882576,383.885680,1,2,2,2
3044,1379882577,69.444204,1,3,2,1
3045,1379882578,60.362497,1,1,2,3
3046,1379882579,195.781120,1,2,2,4
3047,1379882580,0.003283,0,3,1,2
3048,1379882581,1714.116620,1,4,1,2
3049,1379882582,0.000000,1,3,2,1
3050,1379882583,855.993669,1,3,1,4
3051,1379882584,637.999040,1,1,1,2
3052,1379882585,47.527240,1,2,2,1
3053,1379882586,63.200092,1,4,2,2
3054,1379882587,0.002534,0,2,2,1
3055,1379882588,151.273278,1,2,1,1
3056,1379882589,0.002784,0,1,2,2
3057,1379882590,0.000000,1,3,1,2
3058,1379882591,159.955717,1,4,2,2
3059,1379882592,1052.251922,1,3,1,3
3060,1379882593,320.023664,1,2,2,4
3061,1379882594,16.552351,1,2,2,4
3062,1379882595,0.012645,0,2,2,3
3063,1379882596,330.690764,1,3,1,2
3064,1379882597,0.001990,0,3,1,4
3065,1379882598,0.005758,0,3,2,4
3066,1379882599,792.969260,1,1,2,1
3067,1379882600,113.704566,1,4,2,1
3068,1379882601,30.707444,1,1,2,4
3069,1379882602,0.006034,0,3,1,3
3070,1379882603,32.221330,1,3,1,1
3071,1379882604,80.541090,1,4,1,4
3072,1379882605,41.204922,1,1,1,3
3073,1379882606,540.889258,1,4,2,3
3074,1379882607,195.720582,1,4,2,2
3075,1379882608,811.432607,1,1,2,1
3076,1379882609,59.933038,1,4,2,2
3077,1379882610,1.741685,1,1,2,4
3078,1379882611,83.239585,1,3,1,1
3079,1379882612,741.765136,1,4,2,3
3080,1379882613,0.018432,0,4,1,3
3081,1379882614,34.978228,1,3,1,2
3082,1379882615,447.089347,1,2,1,2
3083,1379882616,674.719242,1,2,1,2
3084,1379882617,484.664846,1,2,2,2
3085,1379882618,33.573592,1,1,1,1
3086,1379882619,546.772255,1,2,1,4
3087,1379882620,401.740479,1,3,2,3
3088,1379882621,0.012795,0,1,1,4
3089,1379882622,179.664900,1,4,2,4
3090,1379882623,566.198167,1,3,2,4
3091,1379882624,683.246425,1,2,2,3
3092,1379882625,736.632007,1,2,1,2
3093,1379882626,398.923294,1,3,2,3
3094,1379882627,0.001119,0,1,1,1
3095,1379882628,234.939847,1,3,2,2
3096,1379882629,684.312553,1,2,2,3
3097,1379882630,0.002534,0,2,2,1
3098,1379882631,35.893545,1,4,1,1
3099,1379882632,840.700049,1,4,1,2
3100,1379882633,831.304476,1,4,2,2
3101,1379882634,410.820983,1,2,1,3
3102,1379882635,52.728272,1,1,2,2
3103,1379882636,653.307737,1,4,1,3
3104,1379882637,207.494911,1,3,2,4
3105,1379882638,542.507962,1,1,2,1
3106,1379882639,17.852567,1,2,2,1
3107,1379882640,615.272002,1,4,1,3
3108,1379882641,77.506789,1,4,2,1
3109,1379882642,0.003259,0,2,2,4
3110,1379882643,19.380326,1,1,1,3
3111,1379882644,147.500691,1,4,2,4
3112,1379882645,687.710519,1,4,1,3
3113,1379882646,674.166329,1,2,2,3
3114,1379882647,770.383543,1,4,1,2
3115,1379882648,195.677612,1,3,2,4
3116,1379882649,0.003072,0,3,2,1
3117,1379882650,0.000000,1,1,2,4
3118,1379882651,688.797046,1,4,1,2
3119,1379882652,756.604474,1,4,1,3
3120,1379882653,49.744799,1,3,2,1
3121,1379882654,266.470578,1,1,2,3
3122,1379882655,0.003385,0,3,1,2
3123,1379882656,0.000000,1,3,1,2
3124,1379882657,38.309178,1,3,1,4
3125,1379882658,32.224764,1,1,1,3
3126,1379882659,687.923711,1,2,2,3
3127,1379882660,0.000000,1,1,2,3
3128,1379882661,705.772605,1,2,1,4
3129,1379882662,0.017786,0,1,1,2
3130,1379882663,426.125884,1,2,1,3
3131,1379882664,0.006034,0,3,1,3
3132,1379882665,241.390824,1,2,1,1
3133,1379882666,100.195461,1,1,2,3
3134,1379882667,0.002015,0,1,2,4
3135,1379882668,0.000000,1,3,2,1
3136,1379882669,0.006028,0,3,2,4
3137,1379882670,0.006028,0,3,2,4
3138,1379882671,150.637319,1,3,1,1
3139,1379882672,54.724450,1,4,2,2
3140,1379882673,618.490404,1,1,1,4
3141,1379882674,0.002015,0,1,2,4
3142,1379882675,105.565629,1,4,2,1
3143,1379882676,601.342327,1,1,2,1
3144,1379882677,727.337337,1,2,1,2
3145,1379882678,13.884000,1,2,2,1
3146,1379882679,141.819019,1,3,1,3
3147,1379882680,0.015906,0,1,2,1
3148,1379882681,0.002762,0,1,2,3
3149,1379882682,0.016181,0,4,2,3
3150,1379882683,1028.995243,1,1,2,4
3151,1379882684,214.357743,1,3,2,2
3152,1379882685,42.477473,1,1,1,3
3153,1379882686,36.094816,1,3,1,4
3154,1379882687,0.002449,0,4,1,1
3155,1379882688,0.002449,0,4,1,1
3156,1379882689,784.452585,1,4,2,3
3157,1379882690,72.949384,1,1,2,3
3158,1379882691,642.793564,1,2,2,3
3159,1379882692,73.814111,1,4,2,1
3160,1379882693,29.270043,1,2,2,1
3161,1379882694,595.682473,1,1,2,1
3162,1379882695,428.614461,1,2,1,3
3163,1379882696,679.694041,1,2,2,3
3164,1379882697,677.581924,1,2,2,3
3165,1379882698,82.786806,1,2,1,1
3166,1379882699,617.509112,1,1,1,4
3167,1379882700,193.682103,1,3,2,2
3168,1379882701,193.352278,1,2,2,4
3169,1379882702,351.685793,1,2,1,2
3170,1379882703,1688.580078,1,4,1,3
3171,1379882704,0.007654,0,3,2,3
3172,1379882705,0.002783,0,1,2,3
3173,1379882706,122.401309,1,3,2,2
3174,1379882707,193.132986,1,3,1,2
3175,1379882708,415.909571,1,3,2,3
3176,1379882709,114.403277,1,1,2,4
3177,1379882710,448.784521,1,2,2,2
3178,1379882711,662.588004,1,2,1,4
3179,1379882712,655.062465,1,4,1,2
3180,1379882713,112.952265,1,4,2,1
3181,1379882714,411.028423,1,3,2,3
3182,1379882715,0.000000,1,1,2,2
3183,1379882716,0.005154,0,4,2,1
3184,1379882717,178.020386,1,2,1,1
3185,1379882718,0.015383,0,2,1,4
3186,1379882719,57.082586,1,3,2,1
3187,1379882720,597.805153,1,4,1,3
3188,1379882721,0.013138,0,1,1,4
3189,1379882722,0.003433,0,2,1,1
3190,1379882723,447.912503,1,2,1,3
3191,1379882724,729.077901,1,4,1,2
3192,1379882725,889.043466,1,2,1,2
3193,1379882726,0.009658,0,2,2,2
3194,1379882727,209.397715,1,3,1,3
3195,1379882728,0.000000,1,3,1,2
3196,1379882729,673.987337,1,4,1,2
3197,1379882730,0.000000,1,3,1,2
3198,1379882731,704.873775,1,1,1,3
3199,1379882732,0.003433,0,2,1,1
3200,1379882733,1095.951381,1,3,1,1
3201,1379882734,752.542963,1,1,1,4
3202,1379882735,1542.808553,1,3,1,2
3203,1379882736,0.005154,0,4,2,1
3204,1379882737,0.003313,0,2,2,4
3205,1379882738,100.198625,1,1,2,4
3206,1379882739,41.439299,1,1,1,1
3207,1379882740,0.016399,0,4,2,3
3208,1379882741,22.993314,1,3,2,1
3209,1379882742,42.574570,1,1,2,2
3210,1379882743,27.179370,1,2,2,1
3211,1379882744,0.006132,0,3,1,3
3212,1379882745,30.762736,1,3,2,1
3213,1379882746,0.000000,1,2,2,4
3214,1379882747,400.527007,1,2,1,3
3215,1379882748,117.694889,1,3,1,1
3216,1379882749,56.199576,1,4,1,1
3217,1379882750,101.476996,1,4,2,2
3218,1379882751,0.000000,1,3,2,4
3219,1379882752,626.672063,1,2,1,4
3220,1379882753,30.301825,1,1,1,3
3221,1379882754,705.226525,1,2,2,3
3222,1379882755,37.282571,1,1,1,3
3223,1379882756,0.000000,1,3,2,1
3224,1379882757,10.701279,1,1,1,3
3225,1379882758,599.336183,1,1,1,2
3226,1379882759,99.722975,1,4,2,1
3227,1379882760,61.354750,1,1,2,4
3228,1379882761,0.002558,0,2,2,1
3229,1379882762,739.255732,1,4,1,2
3230,1379882763,179.759196,1,3,2,2
3231,1379882764,402.974074,1,3,2,3
3232,1379882765,0.002464,0,4,1,1
3233,1379882766,637.397480,1,4,2,3
3234,1379882767,204.745661,1,3,1,2
3235,1379882768,0.005930,0,3,2,2
3236,1379882769,875.804567,1,2,1,2
3237,1379882770,0.003552,0,4,1,4
3238,1379882771,407.890836,1,2,1,3
3239,1379882772,0.002011,0,3,1,4
3240,1379882773,127.765434,1,2,2,4
3241,1379882774,606.949102,1,4,1,3
3242,1379882775,632.545230,1,1,2,1
3243,1379882776,1111.393773,1,2,1,2
3244,1379882777,47.012658,1,4,2,2
3245,1379882778,37.899569,1,3,1,4
3246,1379882779,415.049583,1,2,1,3
3247,1379882780,657.289387,1,2,1,2
3248,1379882781,103.190350,1,4,2,1
3249,1379882782,267.583558,1,3,2,4
3250,1379882783,574.633521,1,2,2,4
3251,1379882784,0.014155,0,2,2,3
3252,1379882785,124.035406,1,3,1,1
3253,1379882786,0.003924,0,3,1,2
3254,1379882787,209.194059,1,4,2,4
3255,1379882788,112.513561,1,3,2,1
3256,1379882789,0.003857,0,4,2,2
3257,1379882790,0.005602,0,4,2,4
3258,1379882791,44.909948,1,4,1,4
3259,1379882792,0.009971,0,2,1,3
3260,1379882793,0.009971,0,2,1,3
3261,1379882794,686.212739,1,2,2,3
3262,1379882795,33.232736,1,3,2,1
3263,1379882796,166.403271,1,4,2,4
3264,1379882797,316.910736,1,4,2,4
3265,1379882798,666.929484,1,1,1,4
3266,1379882799,24.807046,1,3,2,1
3267,1379882800,38.331274,1,3,2,1
3268,1379882801,0.002022,0,3,1,4
3269,1379882802,52.310115,1,3,1,1
3270,1379882803,307.620220,1,2,2,4
3271,1379882804,934.622847,1,4,1,4
3272,1379882805,169.175773,1,2,1,1
3273,1379882806,219.785802,1,2,1,1
3274,1379882807,11.644260,1,1,1,3
3275,1379882808,451.156454,1,2,1,3
3276,1379882809,46.045597,1,2,2,4
3277,1379882810,0.000000,1,1,2,3
3278,1379882811,0.016066,0,4,1,2
3279,1379882812,33.183156,1,2,2,1
3280,1379882813,104.063366,1,3,2,2
3281,1379882814,25.372690,1,2,2,1
3282,1379882815,681.018993,1,1,1,4
3283,1379882816,233.193118,1,4,2,4
3284,1379882817,0.000000,1,3,1,2
3285,1379882818,0.019989,0,4,1,3
3286,1379882819,68.743170,1,3,1,3
3287,1379882820,71.897785,1,1,2,2
3288,1379882821,0.015557,0,2,1,4
3289,1379882822,392.541172,1,2,1,2
3290,1379882823,0.003175,0,3,2,1
3291,1379882824,302.589462,1,3,1,3
3292,1379882825,0.002783,0,1,2,3
3293,1379882826,0.002377,0,1,2,4
3294,1379882827,74.345609,1,4,2,2
3295,1379882828,226.201856,1,3,2,2
3296,1379882829,593.294207,1,2,2,2
3297,1379882830,0.006102,0,3,2,4
3298,1379882831,28.465951,1,3,1,4
3299,1379882832,0.000000,1,1,2,2
3300,1379882833,1604.521133,1,1,1,4
3301,1379882834,0.016576,0,4,2,3
3302,1379882835,44.791415,1,1,1,3
3303,1379882836,415.050160,1,3,2,3
3304,1379882837,0.002783,0,1,2,3
3305,1379882838,255.110712,1,4,2,2
3306,1379882839,383.885008,1,3,2,4
3307,1379882840,148.833547,1,3,2,2
3308,1379882841,139.838190,1,3,2,2
3309,1379882842,30.389050,1,4,1,1
3310,1379882843,58.324492,1,3,1,2
3311,1379882844,0.002473,0,4,1,1
3312,1379882845,0.006209,0,3,2,4
3313,1379882846,803.449297,1,2,1,2
3314,1379882847,0.001836,0,1,1,3
3315,1379882848,170.977756,1,2,1,1
3316,1379882849,0.017952,0,1,1,2
3317,1379882850,395.014142,1,2,2,2
3318,1379882851,147.759937,1,3,2,2
3319,1379882852,29.548352,1,3,1,4
3320,1379882853,0.001130,0,1,1,1
3321,1379882854,23.160430,1,4,1,1
3322,1379882855,104.278432,1,4,2,1
3323,1379882856,154.355299,1,3,1,2
3324,1379882857,0.016066,0,4,1,2
3325,1379882858,192.634783,1,2,1,1
3326,1379882859,691.790389,1,2,1,4
3327,1379882860,0.014167,0,1,1,4
3328,1379882861,657.648343,1,1,1,4
3329,1379882862,425.609896,1,3,2,3
3330,1379882863,26.243235,1,1,1,3
3331,1379882864,41.242914,1,2,2,1
3332,1379882865,40.204454,1,1,1,3
3333,1379882866,1769.763141,1,4,2,3
3334,1379882867,67.066405,1,1,1,1
3335,1379882868,0.017067,0,4,2,3
3336,1379882869,713.770221,1,4,1,2
3337,1379882870,791.905510,1,4,1,2
3338,1379882871,818.824303,1,2,1,2
3339,1379882872,44.991936,1,1,2,4
3340,1379882873,947.308920,1,1,2,4
3341,1379882874,0.005239,0,4,2,1
3342,1379882875,0.019989,0,4,1,3
3343,1379882876,0.000000,1,3,2,1
3344,1379882877,170.045650,1,4,2,4
3345,1379882878,0.014345,0,2,2,3
3346,1379882879,663.809584,1,1,1,4
3347,1379882880,61.109062,1,4,2,2
3348,1379882881,123.894847,1,4,2,4
3349,1379882882,0.006209,0,3,2,4
3350,1379882883,1135.793083,1,3,2,1
3351,1379882884,15.663768,1,2,2,1
3352,1379882885,671.055011,1,2,1,4
3353,1379882886,249.352533,1,3,1,3
3354,1379882887,294.833731,1,4,1,4
3355,1379882888,129.146566,1,4,2,4
3356,1379882889,633.652533,1,4,1,3
3357,1379882890,154.145560,1,3,1,3
3358,1379882891,34.246548,1,2,2,1
3359,1379882892,652.657858,1,4,1,2
3360,1379882893,674.015866,1,4,1,3
3361,1379882894,0.002479,0,4,1,1
3362,1379882895,127.728811,1,4,1,4
3363,1379882896,0.002569,0,3,1,1
3364,1379882897,69.662996,1,3,2,1
3365,1379882898,187.823443,1,3,2,2
3366,1379882899,44.778192,1,1,1,1
3367,1379882900,0.005239,0,4,2,1
3368,1379882901,0.001161,0,1,1,1
3369,1379882902,0.014345,0,2,2,3
3370,1379882903,0.014534,0,1,1,4
3371,1379882904,0.017067,0,4,2,3
3372,1379882905,681.429164,1,2,1,4
3373,1379882906,223.709117,1,4,1,4
3374,1379882907,673.976346,1,4,1,3
3375,1379882908,23.074113,1,1,1,1
3376,1379882909,0.010096,0,2,1,3
3377,1379882910,0.002831,0,1,2,2
3378,1379882911,1207.581672,1,4,2,4
3379,1379882912,697.729185,1,1,1,2
3380,1379882913,80.477512,1,4,2,1
3381,1379882914,42.328526,1,1,2,3
3382,1379882915,699.167603,1,2,1,4
3383,1379882916,80.794313,1,4,2,1
3384,1379882917,0.002831,0,1,2,2
3385,1379882918,224.521493,1,4,2,4
3386,1379882919,93.808544,1,4,2,1
3387,1379882920,767.805189,1,4,1,2
3388,1379882921,719.579414,1,4,2,3
3389,1379882922,157.555346,1,3,1,1
3390,1379882923,710.063462,1,1,2,3
3391,1379882924,0.001854,0,1,1,3
3392,1379882925,433.755405,1,3,2,3
3393,1379882926,210.552826,1,3,1,3
3394,1379882927,77.565812,1,1,2,2
3395,1379882928,105.360048,1,4,2,2
3396,1379882929,317.846249,1,3,1,2
3397,1379882930,1017.168138,1,3,1,4
3398,1379882931,127.775103,1,1,2,3
3399,1379882932,719.849200,1,1,1,4
3400,1379882933,1722.797466,1,1,1,4
3401,1379882934,109.479780,1,3,1,1
3402,1379882935,0.006209,0,3,2,4
3403,1379882936,537.966532,1,1,1,4
3404,1379882937,200.655150,1,4,2,4
3405,1379882938,0.000000,1,2,2,4
3406,1379882939,203.340864,1,3,2,2
3407,1379882940,0.016879,0,4,1,2
3408,1379882941,0.015362,0,1,1,4
3409,1379882942,1212.199741,1,3,1,2
3410,1379882943,0.006251,0,3,2,2
3411,1379882944,0.018146,0,1,1,2
3412,1379882945,433.090764,1,3,2,3
3413,1379882946,50.995984,1,3,1,4
3414,1379882947,675.065143,1,2,2,3
3415,1379882948,221.040595,1,2,2,2
3416,1379882949,0.017267,0,4,2,3
3417,1379882950,19.804787,1,3,1,4
3418,1379882951,660.515953,1,2,1,4
3419,1379882952,24.640248,1,3,1,4
3420,1379882953,0.000000,1,3,1,2
3421,1379882954,219.816917,1,2,1,1
3422,1379882955,631.706771,1,4,1,2
3423,1379882956,670.972642,1,2,1,4
3424,1379882957,737.167846,1,2,1,2
3425,1379882958,164.398052,1,4,2,4
3426,1379882959,94.530563,1,3,1,1
3427,1379882960,36.015600,1,4,1,1
3428,1379882961,426.621658,1,3,2,3
3429,1379882962,847.863625,1,4,2,3
3430,1379882963,30.426798,1,1,2,4
3431,1379882964,0.004408,0,3,1,2
3432,1379882965,751.730098,1,2,1,2
3433,1379882966,0.000000,1,3,1,4
3434,1379882967,0.003994,0,4,2,2
3435,1379882968,0.020671,0,2,1,2
3436,1379882969,56.748839,1,3,2,1
3437,1379882970,692.849067,1,1,1,4
3438,1379882971,0.017503,0,4,2,3
3439,1379882972,1432.432336,1,4,1,2
3440,1379882973,0.008588,0,3,2,3
3441,1379882974,0.002600,0,2,2,1
3442,1379882975,522.786237,1,1,2,1
3443,1379882976,0.005310,0,4,2,1
3444,1379882977,0.002852,0,1,2,2
3445,1379882978,0.000000,1,1,2,3
3446,1379882979,14.091929,1,2,2,1
3447,1379882980,0.002347,0,3,1,4
3448,1379882981,0.017503,0,4,2,3
3449,1379882982,36.839874,1,1,2,2
3450,1379882983,1061.174583,1,2,1,1
3451,1379882984,73.590994,1,4,2,2
3452,1379882985,221.542743,1,4,1,4
3453,1379882986,1076.742362,1,2,2,1
3454,1379882987,868.408856,1,1,1,1
3455,1379882988,67.920954,1,3,1,1
3456,1379882989,775.511010,1,1,1,4
3457,1379882990,14.108214,1,3,1,4
3458,1379882991,408.214967,1,3,2,3
3459,1379882992,0.002661,0,1,2,4
3460,1379882993,0.002903,0,2,2,1
3461,1379882994,0.003027,0,1,2,3
3462,1379882995,90.828441,1,4,2,1
3463,1379882996,82.824999,1,3,2,1
3464,1379882997,136.532610,1,4,2,2
3465,1379882998,17.208670,1,1,1,1
3466,1379882999,974.375629,1,1,2,1
3467,1379883000,0.000000,1,2,2,4
3468,1379883001,17.224124,1,4,1,1
3469,1379883002,48.404885,1,2,2,1
3470,1379883003,203.188185,1,3,2,2
3471,1379883004,621.006087,1,1,1,4
3472,1379883005,183.976620,1,4,2,4
3473,1379883006,242.439611,1,3,1,3
3474,1379883007,22.564263,1,1,1,1
3475,1379883008,57.934290,1,1,1,3
3476,1379883009,637.659062,1,1,2,1
3477,1379883010,134.609845,1,3,2,2
3478,1379883011,113.090581,1,3,1,3
3479,1379883012,397.832268,1,3,2,3
3480,1379883013,2.450654,1,1,1,3
3481,1379883014,32.764676,1,4,1,1
3482,1379883015,0.000000,1,4,1,4
3483,1379883016,80.299093,1,1,2,4
3484,1379883017,743.104827,1,4,2,3
3485,1379883018,616.653967,1,1,2,1
3486,1379883019,316.698223,1,3,2,4
3487,1379883020,199.500150,1,4,2,4
3488,1379883021,139.510651,1,3,1,1
3489,1379883022,188.040242,1,2,2,4
3490,1379883023,0.000000,1,2,2,4
3491,1379883024,1281.844683,1,1,1,4
3492,1379883025,2128.511130,1,2,1,2
3493,1379883026,683.368902,1,4,1,2
3494,1379883027,208.464329,1,3,2,4
3495,1379883028,217.694084,1,2,1,1
3496,1379883029,394.202911,1,2,1,3
3497,1379883030,236.620245,1,4,2,4
3498,1379883031,68.374022,1,4,1,1
3499,1379883032,156.960273,1,1,2,3
3500,1379883033,1229.190792,1,4,2,4
3501,1379883034,25.758301,1,3,1,4
3502,1379883035,619.818431,1,4,1,3
3503,1379883036,82.145013,1,4,2,1
3504,1379883037,712.509034,1,1,1,2
3505,1379883038,689.405754,1,1,2,1
3506,1379883039,0.006345,0,3,2,2
3507,1379883040,419.734511,1,1,2,3
3508,1379883041,53.082190,1,3,2,4
3509,1379883042,0.002863,0,1,2,2
3510,1379883043,0.000000,1,1,2,3
3511,1379883044,191.731086,1,3,2,2
3512,1379883045,0.006369,0,3,2,4
3513,1379883046,0.000000,1,1,2,3
3514,1379883047,462.986139,1,2,1,2
3515,1379883048,421.159347,1,2,1,3
3516,1379883049,83.303981,1,1,2,2
3517,1379883050,57.780578,1,4,1,1
3518,1379883051,26.619464,1,1,1,1
3519,1379883052,0.010323,0,2,1,3
3520,1379883053,0.006931,0,4,2,4
3521,1379883054,0.002886,0,1,2,2
3522,1379883055,0.002886,0,1,2,2
3523,1379883056,90.922389,1,4,2,1
3524,1379883057,35.432893,1,1,2,2
3525,1379883058,49.567165,1,1,1,1
3526,1379883059,182.830421,1,3,1,3
3527,1379883060,0.000000,1,2,2,4
3528,1379883061,0.000000,1,1,2,4
3529,1379883062,0.003548,0,3,2,1
3530,1379883063,0.000000,1,2,2,4
3531,1379883064,21.931254,1,2,2,4
3532,1379883065,0.002538,0,4,1,1
3533,1379883066,206.548274,1,3,2,4
3534,1379883067,625.247722,1,1,1,4
3535,1379883068,0.000000,1,1,2,3
3536,1379883069,284.480716,1,3,1,3
3537,1379883070,691.730535,1,1,1,2
3538,1379883071,707.231412,1,1,1,2
3539,1379883072,0.017709,0,4,2,3
3540,1379883073,675.965981,1,2,2,3
3541,1379883074,453.474155,1,1,2,1
3542,1379883075,671.147381,1,2,1,4
3543,1379883076,0.002916,0,2,2,1
3544,1379883077,54.492471,1,1,2,4
3545,1379883078,27.083965,1,4,1,1
3546,1379883079,30.635881,1,4,1,1
3547,1379883080,0.006399,0,3,2,2
3548,1379883081,681.567358,1,1,1,2
3549,1379883082,620.537366,1,2,1,4
3550,1379883083,933.603857,1,3,1,4
3551,1379883084,806.243789,1,3,1,1
3552,1379883085,35.745467,1,2,2,1
3553,1379883086,314.672752,1,3,1,2
3554,1379883087,185.840443,1,3,1,3
3555,1379883088,616.651879,1,1,1,4
3556,1379883089,0.003187,0,1,2,3
3557,1379883090,657.409374,1,2,1,4
3558,1379883091,147.660806,1,2,1,1
3559,1379883092,283.928536,1,2,2,2
3560,1379883093,51.019354,1,3,2,1
3561,1379883094,0.020712,0,4,1,3
3562,1379883095,0.010073,0,2,2,2
3563,1379883096,791.269841,1,4,1,3
3564,1379883097,179.298691,1,3,2,2
3565,1379883098,787.657634,1,4,1,3
3566,1379883099,669.784073,1,2,2,3
3567,1379883100,702.951818,1,2,1,4
3568,1379883101,196.551200,1,4,2,4
3569,1379883102,0.000000,1,4,2,2
3570,1379883103,0.001441,0,1,1,1
3571,1379883104,0.002554,0,4,1,1
3572,1379883105,0.010323,0,2,1,3
3573,1379883106,719.504377,1,4,1,3
3574,1379883107,670.176097,1,4,2,3
3575,1379883108,65.459692,1,4,1,4
3576,1379883109,808.738486,1,4,1,3
3577,1379883110,914.469547,1,4,1,3
3578,1379883111,313.681494,1,2,2,2
3579,1379883112,0.004099,0,2,1,1
3580,1379883113,152.203583,1,3,2,4
3581,1379883114,403.673718,1,2,1,3
3582,1379883115,214.667235,1,3,2,4
3583,1379883116,768.480505,1,1,1,4
3584,1379883117,0.000000,1,2,2,4
3585,1379883118,0.017329,0,1,2,1
3586,1379883119,417.912056,1,2,1,3
3587,1379883120,0.002896,0,1,2,2
3588,1379883121,203.214527,1,2,1,1
3589,1379883122,0.001441,0,1,1,1
3590,1379883123,0.002951,0,3,1,1
3591,1379883124,217.388957,1,4,1,4
3592,1379883125,176.085532,1,3,2,2
3593,1379883126,717.710554,1,4,2,3
3594,1379883127,60.259914,1,3,1,2
3595,1379883128,0.000000,1,1,2,3
3596,1379883129,832.866066,1,4,1,2
3597,1379883130,0.021391,0,2,1,2
3598,1379883131,172.936613,1,4,2,4
3599,1379883132,222.803062,1,4,1,4
3600,1379883133,1164.775033,1,2,2,4
3601,1379883134,0.004512,0,3,1,2
3602,1379883135,665.670832,1,2,2,3
3603,1379883136,0.004512,0,3,1,2
3604,1379883137,0.018922,0,1,1,2
3605,1379883138,0.010160,0,2,2,2
3606,1379883139,641.758714,1,2,1,4
3607,1379883140,0.005384,0,4,2,1
3608,1379883141,88.501065,1,3,1,1
3609,1379883142,292.234288,1,3,1,2
3610,1379883143,687.496770,1,2,2,3
3611,1379883144,646.897480,1,2,1,4
3612,1379883145,134.702321,1,3,2,2
3613,1379883146,70.054177,1,3,2,2
3614,1379883147,105.425146,1,1,2,2
3615,1379883148,166.235421,1,4,2,4
3616,1379883149,731.205665,1,4,1,3
3617,1379883150,0.003563,0,3,2,1
3618,1379883151,694.979224,1,1,2,2
3619,1379883152,0.017874,0,4,1,2
3620,1379883153,962.533094,1,1,2,1
3621,1379883154,745.459944,1,2,1,4
3622,1379883155,661.963410,1,2,2,3
3623,1379883156,272.721098,1,3,2,4
3624,1379883157,0.007080,0,4,2,4
3625,1379883158,1170.595932,1,4,2,4
3626,1379883159,4.859155,1,3,2,1
3627,1379883160,0.008812,0,3,2,3
3628,1379883161,0.007405,0,4,2,4
3629,1379883162,764.800838,1,1,1,4
3630,1379883163,25.508124,1,2,2,1
3631,1379883164,41.228243,1,3,2,1
3632,1379883165,204.864230,1,3,1,1
3633,1379883166,55.925199,1,1,2,4
3634,1379883167,0.004155,0,2,1,1
3635,1379883168,36.355307,1,1,2,4
3636,1379883169,439.462849,1,2,1,3
3637,1379883170,25.080175,1,4,1,1
3638,1379883171,186.906634,1,4,2,4
3639,1379883172,676.597670,1,2,2,3
3640,1379883173,956.484264,1,1,2,1
3641,1379883174,685.564948,1,4,1,2
3642,1379883175,589.186745,1,4,1,2
3643,1379883176,0.002724,0,1,2,4
3644,1379883177,81.231479,1,4,2,1
3645,1379883178,177.429377,1,2,1,1
3646,1379883179,662.601157,1,4,2,3
3647,1379883180,162.325375,1,3,2,4
3648,1379883181,29.667809,1,2,2,1
3649,1379883182,421.462293,1,3,2,3
3650,1379883183,1476.097722,1,1,1,2
3651,1379883184,167.484735,1,3,1,2
3652,1379883185,804.781707,1,4,2,3
3653,1379883186,738.656794,1,4,1,2
3654,1379883187,694.964595,1,4,1,3
3655,1379883188,53.238241,1,1,1,1
3656,1379883189,1467.569899,1,2,1,3
3657,1379883190,652.483542,1,1,1,2
3658,1379883191,193.631202,1,3,2,4
3659,1379883192,523.017559,1,4,1,2
3660,1379883193,605.716403,1,2,1,2
3661,1379883194,0.021559,0,2,1,2
3662,1379883195,766.187565,1,1,2,1
3663,1379883196,0.002617,0,3,1,4
3664,1379883197,0.018502,0,4,2,3
3665,1379883198,38.964066,1,1,1,3
3666,1379883199,0.003033,0,3,1,1
3667,1379883200,716.115039,1,2,1,4
3668,1379883201,163.221240,1,3,2,2
3669,1379883202,46.155770,1,3,1,4
3670,1379883203,281.599030,1,3,1,3
3671,1379883204,160.446104,1,2,1,1
3672,1379883205,23.515404,1,3,1,1
3673,1379883206,0.000000,1,2,2,4
3674,1379883207,0.003187,0,1,2,3
3675,1379883208,435.491053,1,3,2,4
3676,1379883209,643.452510,1,1,1,2
3677,1379883210,689.496743,1,1,2,1
3678,1379883211,0.011081,0,2,1,3
3679,1379883212,223.147041,1,3,2,2
3680,1379883213,0.008929,0,3,2,3
3681,1379883214,0.003118,0,1,2,2
3682,1379883215,24.330493,1,3,1,4
3683,1379883216,78.946812,1,1,2,2
3684,1379883217,298.427300,1,3,1,3
3685,1379883218,0.000000,1,1,2,3
3686,1379883219,174.335916,1,3,1,3
3687,1379883220,668.739520,1,2,2,3
3688,1379883221,182.297776,1,3,2,4
3689,1379883222,0.000000,1,2,2,4
3690,1379883223,0.017070,0,1,1,4
3691,1379883224,661.145885,1,2,1,4
3692,1379883225,0.001882,0,1,1,3
3693,1379883226,0.003988,0,2,2,4
3694,1379883227,415.824305,1,2,1,3
3695,1379883228,292.505181,1,4,2,4
3696,1379883229,788.933737,1,1,1,4
3697,1379883230,52.686409,1,4,1,1
3698,1379883231,54.266630,1,3,2,1
3699,1379883232,0.000000,1,4,1,4
3700,1379883233,678.455773,1,4,1,1
3701,1379883234,437.890139,1,2,1,3
3702,1379883235,174.675005,1,3,2,2
3703,1379883236,203.519681,1,4,2,2
3704,1379883237,188.817061,1,1,2,3
3705,1379883238,0.004249,0,2,1,1
3706,1379883239,31.909571,1,2,2,1
3707,1379883240,0.011318,0,2,1,3
3708,1379883241,93.017898,1,4,2,1
3709,1379883242,0.004640,0,3,1,2
3710,1379883243,1175.658795,1,3,2,2
3711,1379883244,42.787125,1,4,1,4
3712,1379883245,0.003590,0,3,2,1
3713,1379883246,41.789017,1,3,1,4
3714,1379883247,0.017289,0,1,1,4
3715,1379883248,717.454377,1,1,1,4
3716,1379883249,219.309215,1,4,1,4
3717,1379883250,0.000000,1,1,2,3
3718,1379883251,482.968992,1,2,2,2
3719,1379883252,696.817777,1,1,1,4
3720,1379883253,433.720865,1,2,1,3
3721,1379883254,239.072183,1,3,2,2
3722,1379883255,56.456410,1,4,2,2
3723,1379883256,145.921497,1,2,1,1
3724,1379883257,0.002724,0,1,2,4
3725,1379883258,46.854814,1,2,2,1
3726,1379883259,410.969159,1,2,1,3
3727,1379883260,0.003140,0,1,2,2
3728,1379883261,687.353967,1,1,1,4
3729,1379883262,20.760620,1,2,2,1
3730,1379883263,22.374572,1,1,1,3
3731,1379883264,0.000000,1,1,2,4
3732,1379883265,751.399661,1,4,1,2
3733,1379883266,900.894331,1,1,2,1
3734,1379883267,722.233266,1,4,1,2
3735,1379883268,0.004279,0,4,1,4
3736,1379883269,61.197713,1,4,2,2
3737,1379883270,25.371818,1,3,2,1
3738,1379883271,83.598703,1,4,2,1
3739,1379883272,1756.388135,1,4,1,2
3740,1379883273,1304.596400,1,2,1,3
3741,1379883274,37.824078,1,4,1,1
3742,1379883275,0.004142,0,4,2,2
3743,1379883276,681.477574,1,4,2,3
3744,1379883277,99.305150,1,4,2,1
3745,1379883278,134.456184,1,3,1,1
3746,1379883279,180.160164,1,4,2,4
3747,1379883280,0.018374,0,2,1,4
3748,1379883281,0.003988,0,2,2,4
3749,1379883282,427.999522,1,3,2,3
3750,1379883283,907.531141,1,1,1,3
3751,1379883284,37.866467,1,3,1,4
3752,1379883285,711.055774,1,1,2,1
3753,1379883286,623.808729,1,4,1,3
3754,1379883287,202.703775,1,2,1,1
3755,1379883288,180.095492,1,2,1,1
3756,1379883289,636.265314,1,1,1,2
3757,1379883290,146.517867,1,4,2,2
3758,1379883291,662.619015,1,2,1,4
3759,1379883292,627.374645,1,2,2,2
3760,1379883293,65.811030,1,3,2,1
3761,1379883294,0.003988,0,2,2,4
3762,1379883295,139.242638,1,4,1,4
3763,1379883296,0.003076,0,3,1,1
3764,1379883297,0.000000,1,3,2,4
3765,1379883298,0.022399,0,4,1,3
3766,1379883299,82.691352,1,3,1,2
3767,1379883300,15.749001,1,4,1,1
3768,1379883301,709.997101,1,4,2,3
3769,1379883302,0.000000,1,1,2,3
3770,1379883303,0.005483,0,4,2,1
3771,1379883304,154.701003,1,4,2,4
3772,1379883305,0.018714,0,1,2,1
3773,1379883306,0.021559,0,2,1,2
3774,1379883307,581.900979,1,1,1,4
3775,1379883308,426.874171,1,2,1,3
3776,1379883309,439.607965,1,2,1,3
3777,1379883310,628.545384,1,4,1,3
3778,1379883311,731.511232,1,2,1,2
3779,1379883312,464.669818,1,2,2,2
3780,1379883313,82.569756,1,3,2,4
3781,1379883314,0.004663,0,3,1,2
3782,1379883315,193.851377,1,4,2,4
3783,1379883316,0.018889,0,4,2,3
3784,1379883317,22.277121,1,1,1,3
3785,1379883318,692.691284,1,2,2,3
3786,1379883319,0.012155,0,2,1,3
3787,1379883320,1070.487267,1,4,2,2
3788,1379883321,0.016032,0,2,2,3
3789,1379883322,496.724226,1,4,1,3
3790,1379883323,0.022711,0,4,1,3
3791,1379883324,55.840737,1,1,1,3
3792,1379883325,0.007103,0,3,2,2
3793,1379883326,0.007103,0,3,2,2
3794,1379883327,181.599151,1,4,2,2
3795,1379883328,745.324989,1,4,2,3
3796,1379883329,653.853574,1,2,2,3
3797,1379883330,407.828703,1,1,2,1
3798,1379883331,44.629491,1,4,1,1
3799,1379883332,217.302011,1,2,1,1
3800,1379883333,1511.994567,1,4,1,3
3801,1379883334,647.947914,1,2,1,4
3802,1379883335,117.009207,1,4,2,2
3803,1379883336,116.068465,1,1,2,3
3804,1379883337,84.803602,1,3,2,1
3805,1379883338,0.007685,0,4,2,4
3806,1379883339,0.021763,0,2,1,2
3807,1379883340,817.137569,1,1,1,1
3808,1379883341,638.796654,1,4,2,3
3809,1379883342,13.871912,1,2,2,1
3810,1379883343,683.701843,1,2,2,3
3811,1379883344,0.001683,0,1,1,1
3812,1379883345,40.617982,1,1,2,2
3813,1379883346,143.420857,1,4,2,4
3814,1379883347,107.039245,1,3,1,3
3815,1379883348,17.506943,1,1,1,3
3816,1379883349,1209.092943,1,3,2,2
3817,1379883350,0.000000,1,3,1,2
3818,1379883351,263.231033,1,3,1,3
3819,1379883352,0.002659,0,3,1,4
3820,1379883353,58.918390,1,4,2,2
3821,1379883354,0.000000,1,2,2,4
3822,1379883355,67.007972,1,2,2,1
3823,1379883356,793.949776,1,1,1,2
3824,1379883357,676.860516,1,2,2,3
3825,1379883358,0.005483,0,4,2,1
3826,1379883359,0.023131,0,4,1,3
3827,1379883360,0.010598,0,2,2,2
3828,1379883361,48.062167,1,3,1,1
3829,1379883362,1453.748263,1,3,2,3
3830,1379883363,205.702754,1,4,2,4
3831,1379883364,27.564072,1,1,2,3
3832,1379883365,0.003280,0,1,2,3
3833,1379883366,538.965893,1,4,1,2
3834,1379883367,43.472298,1,1,1,3
3835,1379883368,678.345957,1,1,1,2
3836,1379883369,0.012155,0,2,1,3
3837,1379883370,583.880236,1,4,1,2
3838,1379883371,575.640049,1,4,2,3
3839,1379883372,0.000000,1,1,2,2
3840,1379883373,399.424866,1,2,1,3
3841,1379883374,48.691451,1,1,2,2
3842,1379883375,85.752991,1,3,1,3
3843,1379883376,1019.255183,1,3,1,1
3844,1379883377,0.002659,0,3,1,4
3845,1379883378,0.007439,0,3,2,2
3846,1379883379,176.864933,1,3,2,2
3847,1379883380,0.003373,0,3,1,1
3848,1379883381,793.057496,1,1,1,3
3849,1379883382,254.464956,1,4,2,2
3850,1379883383,1647.627342,1,1,2,1
3851,1379883384,62.227571,1,3,1,4
3852,1379883385,561.450321,1,4,1,3
3853,1379883386,182.506412,1,3,1,3
3854,1379883387,622.228173,1,1,1,4
3855,1379883388,73.190831,1,4,1,4
3856,1379883389,179.541777,1,3,2,4
3857,1379883390,110.441892,1,3,1,3
3858,1379883391,260.536757,1,4,1,4
3859,1379883392,0.023287,0,4,1,3
3860,1379883393,893.372969,1,1,2,1
3861,1379883394,0.005483,0,4,2,1
3862,1379883395,0.001683,0,1,1,1
3863,1379883396,1069.480216,1,1,2,1
3864,1379883397,76.689144,1,4,2,1
3865,1379883398,0.000000,1,2,2,4
3866,1379883399,402.673033,1,3,2,3
3867,1379883400,0.018207,0,1,1,4
3868,1379883401,6.180087,1,1,1,3
3869,1379883402,0.002992,0,2,2,1
3870,1379883403,0.000000,1,3,1,2
3871,1379883404,28.336937,1,1,2,2
3872,1379883405,663.716248,1,1,1,4
3873,1379883406,635.229195,1,2,1,4
3874,1379883407,0.019830,0,1,2,1
3875,1379883408,0.007488,0,3,2,2
3876,1379883409,127.587303,1,4,2,4
3877,1379883410,204.656097,1,1,2,3
3878,1379883411,988.354840,1,1,1,1
3879,1379883412,804.312039,1,4,2,3
3880,1379883413,0.000000,1,2,2,4
3881,1379883414,72.068347,1,4,2,1
3882,1379883415,673.723718,1,2,2,3
3883,1379883416,0.000000,1,1,2,3
3884,1379883417,40.077653,1,3,2,1
3885,1379883418,712.467863,1,1,1,2
3886,1379883419,0.002676,0,3,1,4
3887,1379883420,679.669857,1,4,2,3
3888,1379883421,1474.170933,1,4,1,3
3889,1379883422,0.020476,0,1,1,2
3890,1379883423,51.217247,1,3,2,1
3891,1379883424,49.013032,1,1,1,3
3892,1379883425,48.790633,1,2,2,1
3893,1379883426,0.003005,0,2,2,1
3894,1379883427,0.023697,0,4,1,3
3895,1379883428,750.575332,1,4,1,3
3896,1379883429,29.535873,1,3,1,4
3897,1379883430,36.264211,1,4,1,1
3898,1379883431,175.116018,1,3,2,4
3899,1379883432,636.800316,1,2,1,4
3900,1379883433,714.485461,1,4,2,2
3901,1379883434,67.156234,1,3,1,2
3902,1379883435,162.157858,1,2,1,1
3903,1379883436,711.316517,1,1,1,2
3904,1379883437,21.479519,1,3,1,4
3905,1379883438,429.533169,1,2,1,3
3906,1379883439,2.131121,1,4,2,2
3907,1379883440,628.839872,1,1,1,4
3908,1379883441,0.002690,0,3,1,4
3909,1379883442,256.029827,1,3,1,3
3910,1379883443,89.361718,1,4,2,1
3911,1379883444,89.503252,1,4,2,1
3912,1379883445,42.785856,1,1,1,3
3913,1379883446,0.000000,1,4,2,2
3914,1379883447,70.648745,1,4,2,2
3915,1379883448,375.990634,1,2,2,2
3916,1379883449,36.202531,1,1,1,1
3917,1379883450,29.164399,1,3,2,1
3918,1379883451,776.347258,1,2,1,2
3919,1379883452,25.234934,1,3,1,4
3920,1379883453,413.250445,1,2,1,3
3921,1379883454,412.339130,1,3,2,3
3922,1379883455,26.628921,1,4,2,2
3923,1379883456,116.272106,1,4,1,4
3924,1379883457,37.075122,1,4,1,1
3925,1379883458,221.718220,1,3,1,3
3926,1379883459,92.622584,1,4,1,4
3927,1379883460,0.000000,1,2,2,4
3928,1379883461,89.860662,1,1,2,4
3929,1379883462,387.341736,1,2,1,3
3930,1379883463,651.995178,1,1,1,2
3931,1379883464,689.948341,1,2,1,2
3932,1379883465,20.349416,1,1,1,3
3933,1379883466,619.872900,1,2,1,4
3934,1379883467,59.681056,1,3,2,1
3935,1379883468,538.991496,1,4,1,2
3936,1379883469,1032.752755,1,1,1,1
3937,1379883470,664.469815,1,2,2,3
3938,1379883471,0.000000,1,3,2,1
3939,1379883472,430.528945,1,2,1,3
3940,1379883473,423.723876,1,3,2,3
3941,1379883474,0.003373,0,3,1,1
3942,1379883475,430.608041,1,3,2,3
3943,1379883476,658.794662,1,2,2,3
3944,1379883477,11.604168,1,3,2,1
3945,1379883478,0.002697,0,3,1,4
3946,1379883479,417.006763,1,2,2,2
3947,1379883480,16.434016,1,1,2,4
3948,1379883481,411.832416,1,2,2,2
3949,1379883482,68.537011,1,3,1,4
3950,1379883483,1162.403260,1,1,2,4
3951,1379883484,108.850925,1,4,2,1
3952,1379883485,0.000000,1,4,2,2
3953,1379883486,0.002255,0,1,1,1
3954,1379883487,0.007818,0,4,2,4
3955,1379883488,386.383135,1,2,2,2
3956,1379883489,63.728760,1,3,2,1
3957,1379883490,56.967706,1,4,1,4
3958,1379883491,27.167838,1,1,2,4
3959,1379883492,67.875290,1,2,1,1
3960,1379883493,218.706690,1,3,1,2
3961,1379883494,102.705848,1,1,2,2
3962,1379883495,100.123752,1,1,2,4
3963,1379883496,553.965166,1,2,2,2
3964,1379883497,0.023905,0,4,1,3
3965,1379883498,172.935041,1,4,1,4
3966,1379883499,753.903101,1,1,1,1
3967,1379883500,37.061113,1,3,1,4
3968,1379883501,57.449080,1,3,2,1
3969,1379883502,0.000000,1,3,1,2
3970,1379883503,0.017147,0,2,2,3
3971,1379883504,0.004742,0,3,1,2
3972,1379883505,0.011194,0,2,2,2
3973,1379883506,44.160019,1,4,1,4
3974,1379883507,49.528649,1,1,2,4
3975,1379883508,243.399605,1,2,1,1
3976,1379883509,0.003988,0,2,2,4
3977,1379883510,113.128844,1,4,2,1
3978,1379883511,98.129161,1,4,2,1
3979,1379883512,730.916000,1,1,1,2
3980,1379883513,0.004876,0,4,2,2
3981,1379883514,478.370910,1,1,2,1
3982,1379883515,678.676258,1,2,2,3
3983,1379883516,793.284850,1,4,1,2
3984,1379883517,407.680154,1,2,2,2
3985,1379883518,614.316565,1,2,1,2
3986,1379883519,41.164626,1,2,2,1
3987,1379883520,690.369409,1,2,2,3
3988,1379883521,221.748617,1,2,1,1
3989,1379883522,16.759212,1,2,2,1
3990,1379883523,41.528053,1,2,2,1
3991,1379883524,668.108652,1,4,2,3
3992,1379883525,157.019087,1,2,1,1
3993,1379883526,304.072628,1,3,1,3
3994,1379883527,25.803825,1,2,2,1
3995,1379883528,82.348938,1,3,1,3
3996,1379883529,625.912471,1,1,2,1
3997,1379883530,144.105402,1,3,1,1
3998,1379883531,216.370848,1,4,1,4
3999,1379883532,130.055959,1,4,2,2
4000,1379883533,829.318339,1,2,2,1
4001,1379883534,675.100207,1,2,1,4
4002,1379883535,36.833659,1,3,1,4
4003,1379883536,48.087119,1,4,1,1
4004,1379883537,778.293397,1,1,1,4
4005,1379883538,39.137846,1,3,1,4
4006,1379883539,257.636204,1,2,2,4
4007,1379883540,693.423261,1,4,1,2
4008,1379883541,0.002825,0,4,1,1
4009,1379883542,748.545432,1,2,1,4
4010,1379883543,13.791062,1,1,1,1
4011,1379883544,729.784042,1,4,1,2
4012,1379883545,14.340532,1,1,2,2
4013,1379883546,638.888412,1,1,2,1
4014,1379883547,660.440145,1,2,1,4
4015,1379883548,21.652905,1,3,1,2
4016,1379883549,613.108103,1,4,1,3
4017,1379883550,29.974889,1,3,1,4
4018,1379883551,0.000000,1,4,1,4
4019,1379883552,40.447313,1,1,1,3
4020,1379883553,612.789625,1,1,1,4
4021,1379883554,768.241690,1,4,2,3
4022,1379883555,190.681102,1,3,2,2
4023,1379883556,696.581330,1,4,1,2
4024,1379883557,33.280900,1,2,2,1
4025,1379883558,0.012728,0,2,1,3
4026,1379883559,145.484666,1,2,1,1
4027,1379883560,0.020746,0,4,1,2
4028,1379883561,434.068854,1,2,1,3
4029,1379883562,0.000000,1,2,2,4
4030,1379883563,107.218926,1,3,1,3
4031,1379883564,219.083780,1,3,1,3
4032,1379883565,444.684683,1,3,2,3
4033,1379883566,0.003337,0,1,2,3
4034,1379883567,94.391288,1,4,2,1
4035,1379883568,49.414307,1,3,2,1
4036,1379883569,0.000000,1,2,2,4
4037,1379883570,19.964471,1,1,2,2
4038,1379883571,0.000000,1,1,2,2
4039,1379883572,0.003413,0,3,1,1
4040,1379883573,0.000000,1,3,1,1
4041,1379883574,145.815182,1,4,2,4
4042,1379883575,45.694812,1,3,1,4
4043,1379883576,57.042883,1,1,1,1
4044,1379883577,55.791397,1,2,1,1
4045,1379883578,7.078348,1,3,1,4
4046,1379883579,0.000000,1,4,2,2
4047,1379883580,200.022959,1,4,2,4
4048,1379883581,0.002771,0,3,1,4
4049,1379883582,414.021336,1,2,2,2
4050,1379883583,1142.370789,1,3,2,3
4051,1379883584,0.020315,0,1,2,1
4052,1379883585,207.674538,1,3,1,3
4053,1379883586,207.938646,1,3,2,2
4054,1379883587,18.038610,1,3,1,4
4055,1379883588,0.004748,0,3,1,2
4056,1379883589,595.049154,1,2,1,2
4057,1379883590,1034.136820,1,2,2,1
4058,1379883591,204.807552,1,3,1,3
4059,1379883592,670.298190,1,4,2,3
4060,1379883593,644.800365,1,2,2,3
4061,1379883594,135.132086,1,3,1,1
4062,1379883595,768.995023,1,1,1,2
4063,1379883596,21.505725,1,4,1,1
4064,1379883597,743.408905,1,1,1,4
4065,1379883598,541.131900,1,1,1,4
4066,1379883599,0.003337,0,1,2,3
4067,1379883600,457.648787,1,2,2,2
4068,1379883601,451.395072,1,3,2,3
4069,1379883602,607.294083,1,4,1,2
4070,1379883603,548.486714,1,2,1,2
4071,1379883604,44.535223,1,1,1,3
4072,1379883605,43.495061,1,1,1,1
4073,1379883606,92.512324,1,1,2,2
4074,1379883607,612.946902,1,1,1,2
4075,1379883608,749.260452,1,4,2,3
4076,1379883609,203.104458,1,2,1,1
4077,1379883610,0.020639,0,4,2,3
4078,1379883611,0.020315,0,1,2,1
4079,1379883612,158.220064,1,3,1,3
4080,1379883613,18.925178,1,1,1,3
4081,1379883614,16.427667,1,3,1,4
4082,1379883615,0.007593,0,3,1,3
4083,1379883616,230.955737,1,2,2,4
4084,1379883617,385.778672,1,2,1,2
4085,1379883618,237.581240,1,4,2,2
4086,1379883619,134.284373,1,3,1,3
4087,1379883620,0.003236,0,1,2,2
4088,1379883621,86.703178,1,1,2,2
4089,1379883622,219.944212,1,3,2,2
4090,1379883623,32.055687,1,4,1,1
4091,1379883624,19.589429,1,3,2,4
4092,1379883625,191.057149,1,2,1,1
4093,1379883626,402.537089,1,2,2,2
4094,1379883627,132.162544,1,3,2,2
4095,1379883628,549.353612,1,4,2,3
4096,1379883629,0.004859,0,2,1,1
4097,1379883630,0.007630,0,3,1,3
4098,1379883631,0.010482,0,3,2,3
4099,1379883632,0.005689,0,4,2,1
4100,1379883633,876.924469,1,4,1,4
4101,1379883634,593.402776,1,2,1,2
4102,1379883635,417.668970,1,2,1,3
4103,1379883636,735.757648,1,1,1,4
4104,1379883637,0.007002,0,3,2,4
4105,1379883638,22.070098,1,3,2,1
4106,1379883639,623.499105,1,2,1,2
4107,1379883640,102.521312,1,4,2,1
4108,1379883641,397.979790,1,2,1,3
4109,1379883642,406.484824,1,2,1,3
4110,1379883643,0.004859,0,2,1,1
4111,1379883644,402.614563,1,3,1,2
4112,1379883645,97.200413,1,4,1,4
4113,1379883646,756.701018,1,1,1,4
4114,1379883647,0.000000,1,1,2,2
4115,1379883648,0.017706,0,2,2,3
4116,1379883649,125.791498,1,2,1,1
4117,1379883650,416.411035,1,2,1,3
4118,1379883651,0.020315,0,1,2,1
4119,1379883652,134.593184,1,1,2,3
4120,1379883653,0.003260,0,1,2,2
4121,1379883654,85.573534,1,1,2,4
4122,1379883655,34.485732,1,4,1,1
4123,1379883656,187.238390,1,4,2,4
4124,1379883657,659.169966,1,2,1,4
4125,1379883658,686.909438,1,2,1,4
4126,1379883659,663.476138,1,1,1,2
4127,1379883660,173.996511,1,4,2,4
4128,1379883661,0.019724,0,1,1,4
4129,1379883662,343.408170,1,3,1,2
4130,1379883663,208.266954,1,2,1,1
4131,1379883664,38.194691,1,1,1,3
4132,1379883665,0.021626,0,1,1,2
4133,1379883666,146.181631,1,1,2,3
4134,1379883667,73.918754,1,1,2,2
4135,1379883668,46.876221,1,2,2,1
4136,1379883669,170.978490,1,3,1,2
4137,1379883670,213.451311,1,3,2,2
4138,1379883671,0.000000,1,1,2,3
4139,1379883672,83.857055,1,4,2,1
4140,1379883673,171.776789,1,3,1,3
4141,1379883674,0.000000,1,1,2,3
4142,1379883675,239.870261,1,3,1,3
4143,1379883676,41.737052,1,4,1,1
4144,1379883677,0.002472,0,1,1,3
4145,1379883678,708.056350,1,2,1,4
4146,1379883679,214.694186,1,4,2,4
4147,1379883680,561.447981,1,4,1,2
4148,1379883681,538.401871,1,4,1,2
4149,1379883682,33.309430,1,3,1,4
4150,1379883683,743.950989,1,1,2,4
4151,1379883684,0.004875,0,4,1,4
4152,1379883685,0.007756,0,3,2,2
4153,1379883686,0.004978,0,4,2,2
4154,1379883687,611.357565,1,4,1,2
4155,1379883688,0.003356,0,1,2,4
4156,1379883689,199.786946,1,2,1,1
4157,1379883690,165.286481,1,4,1,4
4158,1379883691,46.634884,1,4,1,1
4159,1379883692,0.004978,0,4,2,2
4160,1379883693,0.023103,0,2,1,2
4161,1379883694,953.085224,1,1,1,1
4162,1379883695,767.205791,1,4,1,2
4163,1379883696,196.960610,1,3,1,2
4164,1379883697,669.775290,1,2,2,3
4165,1379883698,44.118535,1,3,2,1
4166,1379883699,708.366251,1,4,1,2
4167,1379883700,47.418761,1,1,2,3
4168,1379883701,382.676419,1,2,1,3
4169,1379883702,224.860234,1,3,1,3
4170,1379883703,0.003451,0,3,1,1
4171,1379883704,0.003451,0,3,1,1
4172,1379883705,173.946698,1,3,2,2
4173,1379883706,56.250875,1,1,1,3
4174,1379883707,0.017892,0,2,2,3
4175,1379883708,921.349479,1,1,2,1
4176,1379883709,99.867122,1,1,2,4
4177,1379883710,74.396601,1,3,1,1
4178,1379883711,0.010482,0,3,2,3
4179,1379883712,0.004978,0,4,2,2
4180,1379883713,576.216594,1,2,1,4
4181,1379883714,621.184312,1,4,1,2
4182,1379883715,401.965129,1,2,1,3
4183,1379883716,0.000000,1,2,2,4
4184,1379883717,594.003874,1,1,1,4
4185,1379883718,160.648680,1,4,2,4
4186,1379883719,613.467039,1,1,1,2
4187,1379883720,984.790412,1,1,2,3
4188,1379883721,188.547936,1,4,2,2
4189,1379883722,590.915627,1,4,2,3
4190,1379883723,687.602882,1,2,2,3
4191,1379883724,0.013521,0,2,1,3
4192,1379883725,688.890480,1,4,1,2
4193,1379883726,581.082118,1,4,2,3
4194,1379883727,673.437019,1,2,1,4
4195,1379883728,310.268101,1,3,1,3
4196,1379883729,413.192058,1,2,1,3
4197,1379883730,0.007804,0,3,2,2
4198,1379883731,18.247474,1,1,2,2
4199,1379883732,671.780688,1,2,1,4
4200,1379883733,787.461437,1,1,2,3
4201,1379883734,0.000000,1,3,2,4
4202,1379883735,581.293484,1,1,1,4
4203,1379883736,210.360295,1,3,2,2
4204,1379883737,719.613303,1,4,2,3
4205,1379883738,1613.594827,1,2,1,4
4206,1379883739,0.002487,0,1,1,3
4207,1379883740,0.000000,1,1,2,3
4208,1379883741,36.738796,1,1,1,3
4209,1379883742,0.005741,0,4,2,1
4210,1379883743,0.020570,0,1,2,1
4211,1379883744,0.005741,0,4,2,1
4212,1379883745,251.836514,1,3,2,4
4213,1379883746,1047.049824,1,4,2,2
4214,1379883747,408.373558,1,2,2,2
4215,1379883748,108.464236,1,1,2,3
4216,1379883749,722.120088,1,4,1,2
4217,1379883750,0.000000,1,3,2,1
4218,1379883751,4.381892,1,1,2,3
4219,1379883752,112.075123,1,3,2,1
4220,1379883753,15.019997,1,2,2,1
4221,1379883754,95.583077,1,4,2,1
4222,1379883755,35.084991,1,4,1,1
4223,1379883756,669.555966,1,4,2,3
4224,1379883757,437.585082,1,3,2,3
4225,1379883758,44.478401,1,4,1,4
4226,1379883759,23.189299,1,3,1,4
4227,1379883760,137.874400,1,3,1,2
4228,1379883761,0.018083,0,2,2,3
4229,1379883762,387.053189,1,2,1,3
4230,1379883763,0.000000,1,1,2,3
4231,1379883764,370.885152,1,3,1,3
4232,1379883765,0.003584,0,2,2,1
4233,1379883766,0.004933,0,4,1,4
4234,1379883767,157.080148,1,2,1,1
4235,1379883768,69.895059,1,3,1,1
4236,1379883769,200.745751,1,3,2,2
4237,1379883770,91.437675,1,4,2,1
4238,1379883771,680.668180,1,2,2,3
4239,1379883772,151.793521,1,4,1,4
4240,1379883773,725.115112,1,1,1,4
4241,1379883774,145.607646,1,4,2,4
4242,1379883775,0.000000,1,4,1,4
4243,1379883776,0.000000,1,1,2,4
4244,1379883777,714.368364,1,1,1,2
4245,1379883778,0.005096,0,3,1,2
4246,1379883779,19.305013,1,3,1,3
4247,1379883780,653.691066,1,4,1,2
4248,1379883781,59.673527,1,3,2,1
4249,1379883782,0.023103,0,2,1,2
4250,1379883783,970.971261,1,1,1,1
4251,1379883784,48.660755,1,2,2,1
4252,1379883785,23.029777,1,3,1,4
4253,1379883786,52.288599,1,2,2,4
4254,1379883787,19.825228,1,2,2,1
4255,1379883788,0.022546,0,4,1,2
4256,1379883789,382.714973,1,3,2,4
4257,1379883790,416.781042,1,2,1,3
4258,1379883791,21.020527,1,3,1,1
4259,1379883792,16.024626,1,2,2,4
4260,1379883793,35.732745,1,4,2,2
4261,1379883794,0.003384,0,1,2,4
4262,1379883795,149.072271,1,3,2,4
4263,1379883796,392.103757,1,2,2,2
4264,1379883797,0.022546,0,4,1,2
4265,1379883798,89.616172,1,2,1,1
4266,1379883799,560.501799,1,2,2,2
4267,1379883800,0.000000,1,1,2,3
4268,1379883801,684.618201,1,4,1,3
4269,1379883802,734.132082,1,4,2,3
4270,1379883803,415.165738,1,2,2,2
4271,1379883804,116.220893,1,2,2,4
4272,1379883805,180.143100,1,3,2,2
4273,1379883806,682.981021,1,2,2,3
4274,1379883807,198.419206,1,4,2,4
4275,1379883808,74.438580,1,1,2,4
4276,1379883809,36.897709,1,1,2,4
4277,1379883810,379.073933,1,2,2,4
4278,1379883811,93.367617,1,4,2,1
4279,1379883812,999.098800,1,4,2,2
4280,1379883813,26.612040,1,3,2,1
4281,1379883814,11.065345,1,4,1,1
4282,1379883815,15.668247,1,3,1,1
4283,1379883816,0.000000,1,2,2,4
4284,1379883817,31.068327,1,1,2,4
4285,1379883818,539.658304,1,4,2,3
4286,1379883819,249.266346,1,4,2,2
4287,1379883820,118.480039,1,3,1,1
4288,1379883821,782.120044,1,4,1,3
4289,1379883822,137.812765,1,1,2,3
4290,1379883823,0.005096,0,3,1,2
4291,1379883824,11.934341,1,2,2,1
4292,1379883825,407.845114,1,3,2,3
4293,1379883826,32.523131,1,1,2,2
4294,1379883827,0.003295,0,1,2,2
4295,1379883828,0.002802,0,3,1,4
4296,1379883829,25.225104,1,2,2,1
4297,1379883830,17.983551,1,2,2,1
4298,1379883831,815.711721,1,2,1,2
4299,1379883832,85.591255,1,2,2,4
4300,1379883833,742.876778,1,2,2,1
4301,1379883834,699.274396,1,1,1,4
4302,1379883835,108.416426,1,3,1,1
4303,1379883836,0.003424,0,1,2,4
4304,1379883837,0.003295,0,1,2,2
4305,1379883838,345.814131,1,2,2,2
4306,1379883839,40.681333,1,1,1,1
4307,1379883840,686.601568,1,4,1,3
4308,1379883841,903.843952,1,3,2,1
4309,1379883842,677.240154,1,2,1,4
4310,1379883843,0.003990,0,1,2,3
4311,1379883844,698.102443,1,2,1,2
4312,1379883845,0.005075,0,2,1,1
4313,1379883846,97.650402,1,1,2,2
4314,1379883847,0.020570,0,1,2,1
4315,1379883848,0.003041,0,1,1,1
4316,1379883849,390.970725,1,2,2,2
4317,1379883850,417.215637,1,3,2,3
4318,1379883851,35.160600,1,3,2,1
4319,1379883852,589.976452,1,2,1,2
4320,1379883853,741.987421,1,4,2,3
4321,1379883854,1806.663764,1,1,1,2
4322,1379883855,135.093837,1,2,1,1
4323,1379883856,40.709613,1,4,1,1
4324,1379883857,204.655668,1,4,2,4
4325,1379883858,48.589579,1,4,1,1
4326,1379883859,201.546589,1,2,1,1
4327,1379883860,241.763335,1,3,1,3
4328,1379883861,0.005096,0,3,1,2
4329,1379883862,43.198191,1,1,1,1
4330,1379883863,265.023415,1,3,1,3
4331,1379883864,0.021583,0,2,1,4
4332,1379883865,39.018148,1,1,2,4
4333,1379883866,548.149316,1,4,1,3
4334,1379883867,406.030354,1,3,2,3
4335,1379883868,0.022546,0,4,1,2
4336,1379883869,40.915424,1,1,1,3
4337,1379883870,31.480799,1,4,1,4
4338,1379883871,30.800670,1,4,1,1
4339,1379883872,0.005169,0,2,1,1
4340,1379883873,34.624785,1,3,1,4
4341,1379883874,638.098297,1,2,1,4
4342,1379883875,92.904836,1,3,1,1
4343,1379883876,820.937003,1,4,2,3
4344,1379883877,684.554639,1,2,2,3
4345,1379883878,45.688198,1,1,2,2
4346,1379883879,187.937733,1,3,2,2
4347,1379883880,167.844690,1,3,1,3
4348,1379883881,713.365491,1,2,1,4
4349,1379883882,133.858159,1,2,1,1
4350,1379883883,1295.223436,1,3,2,3
4351,1379883884,122.535991,1,4,1,4
4352,1379883885,698.474963,1,2,2,3
4353,1379883886,69.725823,1,1,2,2
4354,1379883887,0.002509,0,1,1,3
4355,1379883888,592.076453,1,2,1,4
4356,1379883889,431.293998,1,3,2,3
4357,1379883890,0.000000,1,3,2,4
4358,1379883891,415.007939,1,2,1,3
4359,1379883892,213.255066,1,2,1,1
4360,1379883893,2.474802,1,4,1,1
4361,1379883894,108.042085,1,3,1,1
4362,1379883895,219.785753,1,4,2,2
4363,1379883896,429.839607,1,2,1,3
4364,1379883897,672.395786,1,1,2,1
4365,1379883898,0.003620,0,3,1,1
4366,1379883899,803.239730,1,4,1,3
4367,1379883900,0.008271,0,4,2,4
4368,1379883901,651.564693,1,2,1,4
4369,1379883902,685.131554,1,1,2,1
4370,1379883903,0.005819,0,4,2,1
4371,1379883904,837.576566,1,1,1,4
4372,1379883905,87.277760,1,3,2,1
4373,1379883906,35.312415,1,4,1,1
4374,1379883907,336.645235,1,1,2,3
4375,1379883908,277.787913,1,3,1,3
4376,1379883909,34.556543,1,1,1,1
4377,1379883910,56.980782,1,1,1,3
4378,1379883911,175.588830,1,2,1,1
4379,1379883912,0.004304,0,2,2,4
4380,1379883913,217.340308,1,3,1,2
4381,1379883914,130.544550,1,2,1,1
4382,1379883915,68.158082,1,1,1,3
4383,1379883916,21.023874,1,2,2,1
4384,1379883917,0.003434,0,1,2,4
4385,1379883918,118.253789,1,4,2,1
4386,1379883919,0.008266,0,3,1,3
4387,1379883920,0.005350,0,2,1,1
4388,1379883921,0.020948,0,1,2,1
4389,1379883922,0.022304,0,2,1,4
4390,1379883923,704.032298,1,4,1,3
4391,1379883924,78.875630,1,4,2,1
4392,1379883925,217.726853,1,3,2,2
4393,1379883926,1434.100956,1,4,2,3
4394,1379883927,61.307382,1,3,1,1
4395,1379883928,0.003831,0,2,2,1
4396,1379883929,0.022546,0,4,1,2
4397,1379883930,554.355580,1,1,1,4
4398,1379883931,0.003831,0,2,2,1
4399,1379883932,218.865228,1,4,2,4
4400,1379883933,702.974547,1,3,1,2
4401,1379883934,840.139321,1,2,1,2
4402,1379883935,324.277057,1,3,2,4
4403,1379883936,93.758329,1,4,2,1
4404,1379883937,0.000000,1,4,1,4
4405,1379883938,94.043238,1,4,2,2
4406,1379883939,252.367500,1,3,2,2
4407,1379883940,737.611566,1,2,1,4
4408,1379883941,23.617542,1,3,1,4
4409,1379883942,33.628188,1,4,2,2
4410,1379883943,77.417182,1,4,1,4
4411,1379883944,40.072517,1,1,1,1
4412,1379883945,586.369878,1,1,1,4
4413,1379883946,54.969426,1,3,1,4
4414,1379883947,37.600749,1,1,1,1
4415,1379883948,652.519028,1,2,1,4
4416,1379883949,0.003637,0,3,1,1
4417,1379883950,0.022496,0,1,1,2
4418,1379883951,680.789798,1,2,1,4
4419,1379883952,506.356670,1,1,2,1
4420,1379883953,758.331981,1,1,2,1
4421,1379883954,89.643078,1,4,2,2
4422,1379883955,0.005351,0,3,1,2
4423,1379883956,452.769729,1,2,2,2
4424,1379883957,58.292629,1,1,1,1
4425,1379883958,0.003637,0,3,1,1
4426,1379883959,0.000000,1,1,2,3
4427,1379883960,0.005350,0,2,1,1
4428,1379883961,0.022689,0,4,2,3
4429,1379883962,444.535080,1,2,1,3
4430,1379883963,33.428248,1,1,1,3
4431,1379883964,44.223439,1,1,2,2
4432,1379883965,35.607823,1,3,1,4
4433,1379883966,495.994163,1,1,2,1
4434,1379883967,30.801712,1,1,1,3
4435,1379883968,0.003101,0,1,1,1
4436,1379883969,0.004304,0,2,2,4
4437,1379883970,666.493567,1,2,1,2
4438,1379883971,428.511110,1,2,1,3
4439,1379883972,105.042968,1,1,2,3
4440,1379883973,0.020995,0,1,1,4
4441,1379883974,112.975774,1,4,1,4
4442,1379883975,651.505408,1,2,1,4
4443,1379883976,0.025245,0,4,1,3
4444,1379883977,733.652028,1,1,1,4
4445,1379883978,0.002561,0,1,1,3
4446,1379883979,25.077123,1,4,1,1
4447,1379883980,595.606568,1,4,1,2
4448,1379883981,0.021199,0,1,1,4
4449,1379883982,95.276494,1,3,1,1
4450,1379883983,873.646779,1,2,2,1
4451,1379883984,651.559886,1,2,1,4
4452,1379883985,0.002844,0,3,1,4
4453,1379883986,654.633275,1,1,1,2
4454,1379883987,787.544656,1,1,1,4
4455,1379883988,0.025245,0,4,1,3
4456,1379883989,712.387736,1,4,1,3
4457,1379883990,0.021418,0,1,1,4
4458,1379883991,431.273429,1,2,1,3
4459,1379883992,45.276962,1,4,1,4
4460,1379883993,241.601582,1,3,1,2
4461,1379883994,582.810991,1,4,1,3
4462,1379883995,182.709622,1,2,1,1
4463,1379883996,717.937831,1,4,1,3
4464,1379883997,224.442492,1,2,1,1
4465,1379883998,645.003253,1,4,2,3
4466,1379883999,712.346419,1,4,1,2
4467,1379884000,117.946341,1,3,1,3
4468,1379884001,0.008151,0,3,2,2
4469,1379884002,52.740776,1,1,1,1
4470,1379884003,0.005419,0,3,1,2
4471,1379884004,116.125344,1,4,2,1
4472,1379884005,0.005084,0,4,1,4
4473,1379884006,114.538030,1,3,2,4
4474,1379884007,688.652927,1,2,1,4
4475,1379884008,36.460990,1,2,2,1
4476,1379884009,78.876695,1,3,2,1
4477,1379884010,12.879906,1,1,1,3
4478,1379884011,0.021418,0,1,1,4
4479,1379884012,51.942129,1,1,1,1
4480,1379884013,684.274686,1,2,1,4
4481,1379884014,606.929483,1,1,1,2
4482,1379884015,405.416744,1,3,2,3
4483,1379884016,0.003130,0,1,1,1
4484,1379884017,410.160665,1,2,1,3
4485,1379884018,157.955494,1,3,1,2
4486,1379884019,865.298073,1,2,1,2
4487,1379884020,196.176918,1,3,2,2
4488,1379884021,667.431450,1,2,2,3
4489,1379884022,27.162396,1,4,1,1
4490,1379884023,0.000000,1,3,1,2
4491,1379884024,88.860775,1,4,2,1
4492,1379884025,136.742880,1,3,2,2
4493,1379884026,439.107011,1,2,1,3
4494,1379884027,67.840036,1,4,1,4
4495,1379884028,0.024347,0,2,1,2
4496,1379884029,855.175044,1,1,2,1
4497,1379884030,0.024347,0,2,1,2
4498,1379884031,41.241831,1,1,2,4
4499,1379884032,115.482952,1,4,2,4
4500,1379884033,900.131342,1,2,2,1
4501,1379884034,367.232605,1,2,2,2
4502,1379884035,983.379160,1,3,1,2
4503,1379884036,0.005736,0,3,1,2
4504,1379884037,1021.273598,1,3,2,4
4505,1379884038,680.898435,1,1,2,1
4506,1379884039,684.377394,1,2,2,3
4507,1379884040,698.385106,1,1,1,4
4508,1379884041,932.901243,1,2,1,2
4509,1379884042,0.019222,0,2,2,3
4510,1379884043,783.472300,1,4,1,3
4511,1379884044,0.000000,1,3,2,1
4512,1379884045,665.166658,1,2,1,4
4513,1379884046,87.016725,1,4,1,4
4514,1379884047,27.579122,1,1,1,3
4515,1379884048,0.002945,0,4,1,1
4516,1379884049,0.012587,0,2,2,2
4517,1379884050,734.192050,1,4,2,3
4518,1379884051,520.821867,1,2,2,2
4519,1379884052,177.957166,1,1,2,3
4520,1379884053,557.483304,1,2,1,2
4521,1379884054,0.021612,0,1,1,4
4522,1379884055,0.005127,0,4,1,4
4523,1379884056,0.024761,0,2,1,2
4524,1379884057,34.096594,1,4,1,1
4525,1379884058,52.970339,1,3,2,4
4526,1379884059,39.145503,1,1,2,4
4527,1379884060,172.859360,1,3,2,2
4528,1379884061,559.527003,1,1,1,4
4529,1379884062,0.022847,0,1,1,2
4530,1379884063,184.726238,1,3,2,2
4531,1379884064,86.610225,1,3,2,1
4532,1379884065,225.529078,1,4,2,4
4533,1379884066,0.012731,0,2,2,2
4534,1379884067,60.855738,1,4,1,1
4535,1379884068,426.303045,1,2,2,2
4536,1379884069,852.023464,1,3,2,2
4537,1379884070,701.247281,1,1,1,4
4538,1379884071,191.053783,1,3,2,4
4539,1379884072,0.004334,0,2,2,1
4540,1379884073,13.463851,1,1,2,2
4541,1379884074,0.005800,0,4,2,2
4542,1379884075,0.008299,0,3,1,3
4543,1379884076,285.000063,1,4,2,2
4544,1379884077,40.272384,1,4,1,1
4545,1379884078,613.246274,1,1,1,2
4546,1379884079,0.004162,0,1,2,3
4547,1379884080,36.067960,1,3,2,1
4548,1379884081,0.023807,0,2,1,4
4549,1379884082,32.259492,1,1,1,1
4550,1379884083,1744.947029,1,2,2,3
4551,1379884084,589.557413,1,1,2,1
4552,1379884085,69.461767,1,3,1,1
4553,1379884086,21.309601,1,2,2,1
4554,1379884087,0.023807,0,2,1,4
4555,1379884088,0.026021,0,4,1,3
4556,1379884089,76.283217,1,2,2,1
4557,1379884090,0.003139,0,1,1,1
4558,1379884091,0.000000,1,1,2,3
4559,1379884092,417.414953,1,2,1,3
4560,1379884093,34.005976,1,1,2,2
4561,1379884094,162.287553,1,3,1,3
4562,1379884095,629.021480,1,2,1,4
4563,1379884096,18.019999,1,1,1,1
4564,1379884097,83.519084,1,4,2,1
4565,1379884098,250.753012,1,4,2,4
4566,1379884099,121.026578,1,4,1,4
4567,1379884100,892.720885,1,1,2,1
4568,1379884101,687.866731,1,1,1,2
4569,1379884102,0.005160,0,4,1,4
4570,1379884103,400.986651,1,3,2,3
4571,1379884104,664.146568,1,4,1,2
4572,1379884105,1121.116040,1,2,2,1
4573,1379884106,0.023208,0,1,1,2
4574,1379884107,0.000000,1,2,2,4
4575,1379884108,83.904267,1,4,2,1
4576,1379884109,622.616644,1,1,1,2
4577,1379884110,600.533680,1,4,1,2
4578,1379884111,411.247303,1,2,1,2
4579,1379884112,0.023982,0,2,1,4
4580,1379884113,8.246745,1,4,1,4
4581,1379884114,569.932977,1,1,2,1
4582,1379884115,41.116708,1,1,1,3
4583,1379884116,416.447022,1,3,2,3
4584,1379884117,144.119743,1,3,1,1
4585,1379884118,900.374109,1,2,1,2
4586,1379884119,0.008496,0,4,2,4
4587,1379884120,0.005463,0,2,1,1
4588,1379884121,63.617839,1,4,1,1
4589,1379884122,20.495581,1,3,1,4
4590,1379884123,193.779791,1,3,1,2
4591,1379884124,597.070284,1,4,1,2
4592,1379884125,0.004162,0,1,2,3
4593,1379884126,384.126322,1,2,1,3
4594,1379884127,652.574102,1,4,1,2
4595,1379884128,0.215856,1,1,2,4
4596,1379884129,723.227922,1,4,2,3
4597,1379884130,0.011765,0,3,2,3
4598,1379884131,55.337102,1,4,1,1
4599,1379884132,0.004304,0,2,2,4
4600,1379884133,1117.788912,1,3,2,1
4601,1379884134,34.930520,1,2,2,1
4602,1379884135,653.123642,1,4,2,3
4603,1379884136,38.217801,1,1,2,4
4604,1379884137,0.022433,0,1,2,1
4605,1379884138,942.025417,1,1,2,3
4606,1379884139,0.004682,0,2,2,1
4607,1379884140,636.135742,1,4,1,3
4608,1379884141,961.327239,1,2,1,2
4609,1379884142,45.239778,1,3,1,4
4610,1379884143,649.107454,1,1,1,2
4611,1379884144,136.077928,1,3,2,4
4612,1379884145,0.025392,0,2,1,2
4613,1379884146,0.003380,0,1,2,2
4614,1379884147,0.000000,1,2,2,1
4615,1379884148,837.081333,1,1,2,1
4616,1379884149,736.803469,1,2,1,4
4617,1379884150,0.004304,0,2,2,4
4618,1379884151,0.012850,0,2,2,2
4619,1379884152,729.208976,1,4,2,3
4620,1379884153,599.191964,1,2,1,2
4621,1379884154,0.014915,0,2,1,3
4622,1379884155,129.249790,1,4,1,4
4623,1379884156,0.002584,0,1,1,3
4624,1379884157,82.290598,1,1,2,2
4625,1379884158,0.004423,0,1,2,3
4626,1379884159,0.021962,0,1,1,4
4627,1379884160,757.568176,1,4,1,3
4628,1379884161,0.003467,0,1,2,4
4629,1379884162,423.971210,1,2,1,3
4630,1379884163,8.538511,1,1,2,4
4631,1379884164,488.202142,1,2,2,2
4632,1379884165,22.227371,1,1,1,1
4633,1379884166,94.017226,1,3,2,1
4634,1379884167,527.241146,1,4,1,3
4635,1379884168,0.004491,0,3,2,1
4636,1379884169,0.000000,1,3,2,1
4637,1379884170,759.748847,1,1,1,4
4638,1379884171,189.615053,1,3,1,3
4639,1379884172,689.711376,1,1,1,4
4640,1379884173,0.023657,0,4,2,3
4641,1379884174,0.004423,0,1,2,3
4642,1379884175,422.866451,1,2,1,3
4643,1379884176,0.023608,0,4,1,2
4644,1379884177,56.383157,1,2,2,1
4645,1379884178,0.011765,0,3,2,3
4646,1379884179,19.692343,1,4,1,1
4647,1379884180,40.276006,1,4,1,1
4648,1379884181,0.023608,0,4,1,2
4649,1379884182,0.011765,0,3,2,3
4650,1379884183,906.396659,1,1,1,3
4651,1379884184,696.798326,1,2,2,3
4652,1379884185,22.248270,1,1,2,4
4653,1379884186,0.000000,1,2,2,4
4654,1379884187,797.899926,1,4,2,3
4655,1379884188,623.296574,1,1,2,1
4656,1379884189,0.012985,0,2,2,2
4657,1379884190,56.932574,1,1,1,1
4658,1379884191,118.455858,1,4,2,1
4659,1379884192,19.514951,1,4,1,4
4660,1379884193,42.029937,1,3,1,3
4661,1379884194,0.008580,0,3,2,2
4662,1379884195,0.019900,0,2,2,3
4663,1379884196,0.023608,0,4,1,2
4664,1379884197,396.460841,1,3,2,3
4665,1379884198,765.525017,1,4,2,3
4666,1379884199,101.225973,1,3,1,1
4667,1379884200,5.071904,1,1,1,1
4668,1379884201,49.435381,1,4,1,1
4669,1379884202,25.001881,1,1,2,4
4670,1379884203,67.919244,1,3,2,4
4671,1379884204,652.756243,1,1,1,2
4672,1379884205,80.374621,1,3,1,3
4673,1379884206,0.024091,0,4,2,3
4674,1379884207,124.414132,1,2,1,1
4675,1379884208,1029.193319,1,3,1,2
4676,1379884209,0.011875,0,3,2,3
4677,1379884210,647.389279,1,1,2,1
4678,1379884211,699.473095,1,2,1,4
4679,1379884212,49.068378,1,1,1,3
4680,1379884213,1037.635879,1,2,1,2
4681,1379884214,0.019900,0,2,2,3
4682,1379884215,472.984782,1,1,2,1
4683,1379884216,0.002862,0,3,1,4
4684,1379884217,1059.058531,1,3,1,1
4685,1379884218,53.796737,1,3,1,4
4686,1379884219,61.379363,1,2,2,1
4687,1379884220,1678.271104,1,1,1,2
4688,1379884221,410.312808,1,2,2,4
4689,1379884222,44.577668,1,1,2,4
4690,1379884223,140.729866,1,4,1,4
4691,1379884224,0.008580,0,3,2,2
4692,1379884225,95.053131,1,4,2,2
4693,1379884226,698.838322,1,2,1,2
4694,1379884227,660.416563,1,4,1,2
4695,1379884228,682.039487,1,1,1,2
4696,1379884229,0.004715,0,2,2,1
4697,1379884230,193.502382,1,3,1,2
4698,1379884231,93.981429,1,3,1,2
4699,1379884232,8.464881,1,3,1,2
4700,1379884233,1152.101164,1,4,2,4
4701,1379884234,695.198720,1,4,2,3
4702,1379884235,314.644373,1,2,2,2
4703,1379884236,19.802403,1,2,2,1
4704,1379884237,104.989201,1,3,2,4
4705,1379884238,947.263600,1,1,1,4
4706,1379884239,0.019900,0,2,2,3
4707,1379884240,335.516763,1,3,2,4
4708,1379884241,379.534249,1,2,2,2
4709,1379884242,0.007872,0,3,2,4
4710,1379884243,414.515869,1,2,1,3
4711,1379884244,50.526756,1,4,1,1
4712,1379884245,375.406744,1,3,2,4
4713,1379884246,298.645265,1,2,2,2
4714,1379884247,125.879853,1,3,2,2
4715,1379884248,22.912192,1,4,1,1
4716,1379884249,425.811307,1,2,2,2
4717,1379884250,108.955399,1,4,2,1
4718,1379884251,20.849780,1,1,2,2
4719,1379884252,46.972889,1,1,1,1
4720,1379884253,662.785454,1,2,1,2
4721,1379884254,91.970064,1,1,2,4
4722,1379884255,221.763227,1,4,2,2
4723,1379884256,710.907680,1,1,1,2
4724,1379884257,653.208904,1,2,1,4
4725,1379884258,38.386440,1,4,1,1
4726,1379884259,333.116102,1,2,2,4
4727,1379884260,41.814244,1,3,2,1
4728,1379884261,0.006157,0,3,1,2
4729,1379884262,12.382023,1,2,2,1
4730,1379884263,432.890034,1,1,2,1
4731,1379884264,0.000000,1,3,1,2
4732,1379884265,405.163934,1,2,2,2
4733,1379884266,448.716310,1,2,1,3
4734,1379884267,346.582890,1,3,1,2
4735,1379884268,8.939871,1,3,1,4
4736,1379884269,771.806785,1,4,2,3
4737,1379884270,671.907494,1,2,1,4
4738,1379884271,105.165717,1,3,1,1
4739,1379884272,672.847435,1,2,1,4
4740,1379884273,172.376549,1,3,1,3
4741,1379884274,113.212643,1,4,1,4
4742,1379884275,694.784228,1,4,1,3
4743,1379884276,50.381960,1,1,1,1
4744,1379884277,131.961295,1,3,1,2
4745,1379884278,97.044489,1,4,2,1
4746,1379884279,53.308422,1,1,1,3
4747,1379884280,0.019900,0,2,2,3
4748,1379884281,263.496335,1,1,2,3
4749,1379884282,187.670057,1,3,1,1
4750,1379884283,1009.546884,1,3,2,1
4751,1379884284,24.578890,1,3,1,4
4752,1379884285,60.782054,1,2,2,1
4753,1379884286,644.734288,1,1,1,4
4754,1379884287,705.101825,1,1,1,2
4755,1379884288,0.008478,0,3,1,3
4756,1379884289,0.023792,0,4,1,2
4757,1379884290,36.030162,1,4,1,1
4758,1379884291,0.004126,0,3,1,1
4759,1379884292,309.651400,1,4,2,2
4760,1379884293,0.024499,0,4,2,3
4761,1379884294,172.505395,1,4,2,4
4762,1379884295,0.000000,1,2,2,4
4763,1379884296,400.729999,1,2,1,3
4764,1379884297,433.747397,1,2,1,3
4765,1379884298,0.019900,0,2,2,3
4766,1379884299,0.024499,0,4,2,3
4767,1379884300,146.118911,1,4,1,4
4768,1379884301,0.022807,0,1,1,4
4769,1379884302,555.062945,1,1,2,1
4770,1379884303,646.105263,1,1,1,2
4771,1379884304,48.545721,1,1,1,1
4772,1379884305,715.884033,1,4,1,3
4773,1379884306,828.350792,1,2,1,2
4774,1379884307,753.366249,1,1,1,4
4775,1379884308,250.398036,1,4,2,2
4776,1379884309,410.985327,1,2,1,3
4777,1379884310,376.600993,1,2,1,3
4778,1379884311,169.539853,1,3,1,3
4779,1379884312,84.944659,1,1,2,2
4780,1379884313,0.002886,0,3,1,4
4781,1379884314,717.272799,1,4,1,3
4782,1379884315,105.944164,1,1,2,4
4783,1379884316,22.105783,1,2,2,4
4784,1379884317,87.402791,1,4,2,1
4785,1379884318,0.011875,0,3,2,3
4786,1379884319,0.026455,0,2,1,2
4787,1379884320,64.127214,1,2,2,1
4788,1379884321,439.101081,1,2,1,3
4789,1379884322,433.657387,1,2,1,3
4790,1379884323,0.000000,1,2,2,4
4791,1379884324,165.087649,1,4,2,4
4792,1379884325,161.310462,1,2,1,1
4793,1379884326,0.019900,0,2,2,3
4794,1379884327,479.129567,1,2,1,2
4795,1379884328,695.288027,1,2,1,4
4796,1379884329,83.850848,1,1,2,2
4797,1379884330,0.004126,0,3,1,1
4798,1379884331,0.011875,0,3,2,3
4799,1379884332,0.003550,0,1,2,4
4800,1379884333,1218.818299,1,1,2,1
4801,1379884334,704.374896,1,4,2,3
4802,1379884335,675.651911,1,2,1,2
4803,1379884336,604.606442,1,1,1,2
4804,1379884337,838.298466,1,1,2,2
4805,1379884338,68.221387,1,4,2,1
4806,1379884339,51.245956,1,2,2,1
4807,1379884340,63.275899,1,3,1,1
4808,1379884341,576.495617,1,2,1,2
4809,1379884342,168.295463,1,2,1,1
4810,1379884343,0.000000,1,4,2,2
4811,1379884344,0.011875,0,3,2,3
4812,1379884345,0.013492,0,2,2,2
4813,1379884346,702.609164,1,2,1,2
4814,1379884347,0.003688,0,1,2,2
4815,1379884348,583.514556,1,4,1,2
4816,1379884349,202.443622,1,3,2,4
4817,1379884350,409.580299,1,3,2,3
4818,1379884351,178.387575,1,4,1,4
4819,1379884352,38.269358,1,4,1,1
4820,1379884353,828.150879,1,4,1,2
4821,1379884354,0.006290,0,3,1,2
4822,1379884355,17.921339,1,1,2,2
4823,1379884356,132.932867,1,4,2,4
4824,1379884357,0.008615,0,3,2,2
4825,1379884358,817.915851,1,4,1,2
4826,1379884359,122.483298,1,4,2,4
4827,1379884360,44.375210,1,1,1,3
4828,1379884361,680.499669,1,2,1,4
4829,1379884362,0.013492,0,2,2,2
4830,1379884363,0.013492,0,2,2,2
4831,1379884364,595.226600,1,2,1,2
4832,1379884365,144.261424,1,2,1,1
4833,1379884366,469.555389,1,3,2,3
4834,1379884367,554.541470,1,2,1,2
4835,1379884368,515.994651,1,4,1,2
4836,1379884369,0.107612,1,4,1,1
4837,1379884370,228.459842,1,2,2,2
4838,1379884371,705.773285,1,1,1,4
4839,1379884372,0.000000,1,4,2,2
4840,1379884373,27.960389,1,4,1,1
4841,1379884374,92.184407,1,4,2,2
4842,1379884375,0.008615,0,3,2,2
4843,1379884376,673.337068,1,4,1,3
4844,1379884377,703.628387,1,1,2,1
4845,1379884378,670.739399,1,2,1,4
4846,1379884379,337.232736,1,3,2,4
4847,1379884380,169.526024,1,1,2,3
4848,1379884381,719.113607,1,1,2,1
4849,1379884382,668.553156,1,1,2,1
4850,1379884383,1472.777261,1,2,2,3
4851,1379884384,440.126034,1,2,1,3
4852,1379884385,498.050856,1,2,2,2
4853,1379884386,178.713419,1,4,2,4
4854,1379884387,680.185909,1,1,1,2
4855,1379884388,215.535670,1,3,1,2
4856,1379884389,645.237223,1,1,1,2
4857,1379884390,685.698802,1,4,1,3
4858,1379884391,743.456967,1,2,1,4
4859,1379884392,0.000000,1,2,2,4
4860,1379884393,73.788948,1,3,1,2
4861,1379884394,182.731089,1,3,2,2
4862,1379884395,1714.151051,1,1,1,4
4863,1379884396,198.264557,1,3,2,4
4864,1379884397,0.013694,0,2,2,2
4865,1379884398,807.783917,1,4,1,3
4866,1379884399,808.783996,1,1,1,4
4867,1379884400,673.590147,1,2,2,3
4868,1379884401,84.783299,1,3,1,1
4869,1379884402,422.623551,1,3,2,3
4870,1379884403,270.698322,1,3,1,3
4871,1379884404,26.893949,1,4,1,1
4872,1379884405,0.000000,1,2,2,4
4873,1379884406,643.142420,1,2,1,4
4874,1379884407,0.003550,0,1,2,4
4875,1379884408,47.223506,1,2,2,1
4876,1379884409,63.215323,1,3,1,1
4877,1379884410,165.805505,1,2,1,1
4878,1379884411,47.201687,1,3,1,1
4879,1379884412,435.749148,1,2,1,3
4880,1379884413,0.006136,0,4,2,1
4881,1379884414,416.259344,1,3,2,3
4882,1379884415,149.133813,1,3,2,2
4883,1379884416,47.177625,1,1,1,1
4884,1379884417,12.847587,1,3,1,2
4885,1379884418,0.006148,0,4,2,2
4886,1379884419,0.000000,1,1,2,3
4887,1379884420,675.656462,1,2,2,3
4888,1379884421,219.139123,1,4,2,2
4889,1379884422,0.002877,0,1,1,3
4890,1379884423,178.371798,1,3,1,3
4891,1379884424,715.003295,1,4,1,3
4892,1379884425,41.150818,1,4,2,2
4893,1379884426,391.518215,1,2,1,3
4894,1379884427,0.016435,0,2,1,3
4895,1379884428,47.064340,1,1,1,3
4896,1379884429,0.000000,1,3,1,2
4897,1379884430,675.931526,1,2,2,3
4898,1379884431,0.013694,0,2,2,2
4899,1379884432,396.293093,1,2,1,3
4900,1379884433,1135.016196,1,1,1,1
4901,1379884434,18.742825,1,4,1,1
4902,1379884435,80.881359,1,3,2,4
4903,1379884436,447.789556,1,3,2,3
4904,1379884437,9.494840,1,3,1,4
4905,1379884438,1425.224009,1,1,1,2
4906,1379884439,0.005364,0,4,1,4
4907,1379884440,0.023913,0,1,1,4
4908,1379884441,715.507838,1,2,1,2
4909,1379884442,421.189202,1,3,2,3
4910,1379884443,533.326905,1,2,2,2
4911,1379884444,617.911732,1,2,1,4
4912,1379884445,0.008203,0,3,2,4
4913,1379884446,0.005364,0,4,1,4
4914,1379884447,0.004786,0,2,2,1
4915,1379884448,0.013842,0,2,2,2
4916,1379884449,43.632976,1,1,1,3
4917,1379884450,737.252556,1,2,1,4
4918,1379884451,0.008707,0,3,2,2
4919,1379884452,725.141887,1,4,2,3
4920,1379884453,28.795683,1,3,1,4
4921,1379884454,667.738780,1,1,1,2
4922,1379884455,46.607282,1,1,1,3
4923,1379884456,170.752657,1,2,1,1
4924,1379884457,639.578520,1,2,1,4
4925,1379884458,237.899948,1,2,1,1
4926,1379884459,663.348217,1,2,1,2
4927,1379884460,53.695482,1,4,1,1
4928,1379884461,211.494145,1,4,2,4
4929,1379884462,0.000000,1,2,2,4
4930,1379884463,62.260568,1,4,1,1
4931,1379884464,0.024896,0,4,2,3
4932,1379884465,247.414394,1,3,1,2
4933,1379884466,674.615607,1,2,2,3
4934,1379884467,313.513171,1,3,1,2
4935,1379884468,976.483241,1,3,2,2
4936,1379884469,38.577926,1,3,2,1
4937,1379884470,45.473573,1,1,1,3
4938,1379884471,56.447346,1,4,2,1
4939,1379884472,44.452758,1,1,1,1
4940,1379884473,227.283729,1,3,2,4
4941,1379884474,24.546237,1,4,1,1
4942,1379884475,450.314733,1,2,2,2
4943,1379884476,0.002927,0,1,1,3
4944,1379884477,192.628837,1,3,1,2
4945,1379884478,586.467302,1,1,1,2
4946,1379884479,204.986862,1,2,1,1
4947,1379884480,236.457494,1,3,1,2
4948,1379884481,0.003550,0,1,2,4
4949,1379884482,0.002897,0,3,1,4
4950,1379884483,986.913522,1,1,1,3
4951,1379884484,124.364969,1,2,2,4
4952,1379884485,140.368373,1,4,2,4
4953,1379884486,58.376490,1,3,2,1
4954,1379884487,31.253212,1,1,1,3
4955,1379884488,214.116244,1,3,2,2
4956,1379884489,878.342771,1,2,1,2
4957,1379884490,1066.978018,1,1,2,1
4958,1379884491,689.340004,1,2,2,3
4959,1379884492,171.955642,1,3,1,3
4960,1379884493,39.807946,1,4,2,2
4961,1379884494,40.052272,1,1,2,4
4962,1379884495,28.390342,1,2,2,1
4963,1379884496,0.004551,0,2,2,4
4964,1379884497,74.332911,1,3,1,1
4965,1379884498,20.596459,1,4,1,1
4966,1379884499,739.822769,1,1,2,1
4967,1379884500,60.362562,1,3,1,1
4968,1379884501,590.856388,1,2,1,2
4969,1379884502,412.208548,1,3,2,3
4970,1379884503,100.952776,1,4,2,1
4971,1379884504,761.611845,1,1,1,4
4972,1379884505,1116.910339,1,2,2,4
4973,1379884506,715.598205,1,4,1,2
4974,1379884507,40.763048,1,1,1,3
4975,1379884508,906.657162,1,1,2,2
4976,1379884509,8.687110,1,1,2,2
4977,1379884510,257.581590,1,2,1,1
4978,1379884511,164.575985,1,4,2,4
4979,1379884512,0.005918,0,2,1,1
4980,1379884513,0.003549,0,1,1,1
4981,1379884514,742.572433,1,1,1,4
4982,1379884515,769.897610,1,1,2,1
4983,1379884516,236.212595,1,4,2,4
4984,1379884517,735.419782,1,4,1,2
4985,1379884518,410.901664,1,1,2,3
4986,1379884519,0.003561,0,1,2,4
4987,1379884520,356.259984,1,3,2,4
4988,1379884521,152.824698,1,2,1,1
4989,1379884522,417.181064,1,3,2,3
4990,1379884523,666.950699,1,4,2,3
4991,1379884524,539.069078,1,2,1,2
4992,1379884525,61.935191,1,3,1,4
4993,1379884526,0.000000,1,1,2,3
4994,1379884527,57.887752,1,4,2,2
4995,1379884528,583.559988,1,2,1,2
4996,1379884529,627.481383,1,4,1,2
4997,1379884530,701.978407,1,2,2,3
4998,1379884531,683.774379,1,2,2,3
4999,1379884532,42.101835,1,3,2,1
5000,1379884533,1137.363018,1,3,2,2
